date,visits_cc,spend_cc,cc_spend_convenience,cc_spend_food_out,cc_spend_leisure,cc_spend_medical,cc_spend_nightlife,cc_spend_other,cc_spend_shopping,any_nightlife,any_medical,big_purchase_flag,is_weekend,day_of_month,cc_spend_7d_sum,cc_spend_7d_mean,tweets_count,avg_compound,pos_count,neu_count,neg_count,any_negative_tweet,any_positive_tweet,visits,total_spend,cigarette_purchase_day,nicotine_patch_day,alcohol_purchase_day,avg_spend_per_visit,tracks_total,avg_valence,happy_tracks,neutral_tracks,sad_tracks,pct_happy,pct_sad,pct_neutral,happy_day,sad_day,neutral_day,sleep_hours,steps,avg_heart_rate,poor_sleep,low_activity,high_hr,stress_proxy,sleep_7d_avg,steps_7d_avg,hr_7d_avg,cigarette_purchase_day_original,smoke_score,avg_valence_adjusted
2025-01-01,8,465.8,27.16,0.0,43.7,0.0,27.31,367.63,0.0,1,0,1,0,1,465.8,465.8,1.0,0.572,1.0,0.0,0.0,0,1,3.0,27.16,0,0,0,9.05,10,0.552,3,7,0,0.3,0.0,0.7,1,0,0,6.9,9443,72.4,0,0,0,0,7.2,7588.666666666667,71.73333333333333,0,-1.3662212874093138,0.571
2025-01-02,6,113.43,24.22,0.0,0.0,0.0,43.77,45.44,0.0,1,0,0,0,2,579.23,289.62,2.0,0.0,0.0,2.0,0.0,0,0,3.0,24.22,1,0,1,8.07,14,0.317,0,3,11,0.0,0.786,0.214,0,1,0,6.9,6712,67.9,0,0,0,0,7.2,7588.666666666667,71.73333333333333,0,0.21551855953698965,0.29059999999999997
2025-01-03,3,27.3,12.84,0.0,0.0,0.0,0.0,14.46,0.0,0,0,0,0,3,606.53,202.18,1.0,0.459,1.0,0.0,0.0,0,1,2.0,12.84,0,0,1,6.42,11,0.331,0,0,11,0.0,1.0,0.0,0,1,0,7.8,6611,74.9,0,0,0,0,7.2,7588.666666666667,71.73333333333333,0,-0.446083416486891,0.2655
2025-01-04,5,81.15,44.9,0.0,0.0,0.0,0.0,36.25,0.0,0,0,0,1,4,687.68,171.92,1.0,-0.422,0.0,0.0,1.0,1,0,3.0,44.9,1,0,0,14.97,17,0.324,0,4,13,0.0,0.765,0.235,0,1,0,6.6,9570,67.8,0,0,0,0,7.05,8084.0,70.75,1,0.39510200969553116,0.29725
2025-01-05,4,94.3,31.07,63.23,0.0,0.0,0.0,0.0,0.0,0,0,0,1,5,781.98,156.4,1.0,-0.422,0.0,0.0,1.0,0,0,3.0,31.07,1,0,1,10.36,19,0.32,0,2,17,0.0,0.895,0.105,0,1,0,7.8,6658,73.0,0,0,0,0,7.2,7798.8,71.2,0,0.5253139854635958,0.27575
2025-01-06,7,304.34,44.49,0.0,42.87,0.0,0.0,216.98,0.0,0,0,1,0,6,1086.32,181.05,1.0,-0.422,0.0,0.0,1.0,0,0,4.0,44.49,1,0,1,11.12,12,0.32,0,2,10,0.0,0.833,0.167,0,1,0,7.8,6459,73.3,0,0,0,0,7.3,7575.5,71.55,0,0.2555367815224914,0.28505
2025-01-07,7,345.92,52.55,96.39,0.0,0.0,0.0,196.98,0.0,0,0,1,0,7,1432.24,204.61,1.0,-0.422,0.0,0.0,1.0,0,0,2.0,52.55,1,0,0,26.28,18,0.321,0,1,17,0.0,0.944,0.056,0,1,0,7.0,9616,71.9,0,0,0,0,7.257142857142857,7867.0,71.60000000000001,1,0.24065676302651048,0.26890000000000003
2025-01-08,5,300.36,27.0,35.56,0.0,0.0,55.09,182.71,0.0,1,0,1,0,8,1266.8,180.97,2.0,-0.211,0.0,1.0,1.0,1,0,2.0,27.0,1,0,1,13.5,18,0.321,0,4,14,0.0,0.778,0.222,0,1,0,7.1,6176,70.4,0,0,0,0,7.285714285714286,7400.285714285715,71.31428571428572,0,0.6054174371622726,0.2938
2025-01-09,6,259.49,86.75,27.1,0.0,0.0,0.0,0.0,145.64,0,0,1,0,9,1412.86,201.84,1.0,0.0,0.0,1.0,0.0,0,0,4.0,86.75,0,0,1,21.69,11,0.319,0,1,10,0.0,0.909,0.091,0,1,0,8.0,9063,67.3,0,0,0,0,7.442857142857142,7736.142857142857,71.22857142857143,1,-0.2856107866781103,0.27315
2025-01-10,6,279.6,79.62,0.0,0.0,0.0,52.99,146.99,0.0,1,0,1,0,10,1665.16,237.88,1.0,0.721,1.0,0.0,0.0,0,1,3.0,79.62,0,0,0,26.54,19,0.323,0,1,18,0.0,0.947,0.053,0,1,0,6.6,7195,70.2,0,0,0,0,7.271428571428571,7819.571428571428,70.55714285714286,1,-0.2959012495587423,0.26945
2025-01-11,9,136.92,118.92,0.0,0.0,0.0,0.0,18.0,0.0,0,0,0,1,11,1720.93,245.85,1.0,0.721,1.0,0.0,0.0,0,0,8.0,118.92,1,1,1,14.86,14,0.31,0,1,13,0.0,0.929,0.071,0,1,0,6.9,7014,69.9,0,0,0,0,7.314285714285714,7454.428571428572,70.85714285714286,1,-0.2575453261768054,0.26565
2025-01-12,13,473.38,133.73,40.66,0.0,0.0,79.85,219.14,0.0,1,0,1,1,12,2100.01,300.0,2.0,0.122,1.0,0.0,1.0,1,1,9.0,133.73,1,0,1,14.86,12,0.324,0,4,8,0.0,0.667,0.333,0,1,0,7.3,9625,67.0,0,0,0,0,7.242857142857142,7878.285714285715,70.0,1,-0.0420629253658221,0.31195000000000006
2025-01-13,8,252.14,127.8,0.0,0.0,0.0,0.0,124.34,0.0,0,0,1,0,13,2047.81,292.54,2.0,-0.211,0.0,1.0,1.0,1,0,7.0,127.8,1,1,1,18.26,16,0.32,0,1,15,0.0,0.938,0.062,0,1,0,7.3,7502,67.5,0,0,0,0,7.171428571428572,8027.285714285715,69.17142857142858,1,0.4916992513395386,0.2693
2025-01-14,7,169.15,96.85,0.0,0.0,0.0,35.49,36.81,0.0,1,0,0,0,14,1871.04,267.29,2.0,-0.211,0.0,1.0,1.0,0,0,5.0,96.85,0,1,0,19.37,17,0.464,0,14,3,0.0,0.176,0.824,0,0,1,7.7,7413,65.6,0,0,0,0,7.271428571428571,7712.571428571428,68.27142857142857,0,-0.4001665441070925,0.4556
2025-01-15,8,259.41,132.06,0.0,0.0,0.0,0.0,127.35,0.0,0,0,0,0,15,1830.09,261.44,2.0,-0.211,0.0,1.0,1.0,0,0,6.0,132.06,1,1,1,22.01,20,0.319,0,1,19,0.0,0.95,0.05,0,1,0,6.9,8317,72.6,0,0,0,0,7.242857142857143,8018.428571428572,68.58571428571429,1,0.49496020891731946,0.267
2025-01-16,10,293.82,137.22,71.62,0.0,0.0,52.38,32.6,0.0,1,0,0,0,16,1864.42,266.35,2.0,-0.211,0.0,1.0,1.0,0,0,6.0,137.22,1,0,1,22.87,16,0.308,0,3,13,0.0,0.812,0.188,0,1,0,7.9,6235,68.0,0,0,0,0,7.228571428571429,7614.428571428572,68.68571428571428,1,0.3144391903146648,0.2822
2025-01-17,4,67.77,48.47,0.0,19.3,0.0,0.0,0.0,0.0,0,0,0,0,17,1652.59,236.08,1.0,0.0,0.0,1.0,0.0,0,0,3.0,48.47,1,0,1,16.16,10,0.321,0,2,8,0.0,0.8,0.2,0,1,0,6.6,8581,71.4,0,0,0,0,7.228571428571429,7812.428571428572,68.85714285714286,0,-0.06860990976147688,0.2905
2025-01-18,8,159.42,91.81,0.0,0.0,24.06,0.0,43.55,0.0,0,1,0,1,18,1675.09,239.3,1.0,0.0,0.0,1.0,0.0,0,0,6.0,91.81,1,0,1,15.3,10,0.319,0,0,10,0.0,1.0,0.0,0,1,0,7.0,9510,69.2,0,0,0,0,7.242857142857143,8169.0,68.75714285714285,0,-0.06714153725311546,0.2595
2025-01-19,7,107.09,53.7,43.65,0.0,0.0,0.0,9.74,0.0,0,0,0,1,19,1308.8,186.97,1.0,0.0,0.0,1.0,0.0,0,0,5.0,53.7,0,0,0,10.74,16,0.546,1,15,0,0.062,0.0,0.938,0,0,1,7.6,7195,71.2,0,0,0,0,7.285714285714286,7821.857142857143,69.35714285714286,0,-0.9227251486134661,0.5323
2025-01-20,6,75.09,55.61,0.0,0.0,0.0,0.0,19.48,0.0,0,0,0,0,20,1131.75,161.68,1.0,0.103,1.0,0.0,0.0,0,1,5.0,55.61,0,1,0,11.12,11,0.461,0,10,1,0.0,0.091,0.909,0,0,1,6.8,7344,72.4,0,0,0,0,7.214285714285714,7799.285714285715,70.05714285714285,0,-0.6554360268015877,0.46685
2025-01-21,8,185.81,118.24,0.0,0.0,0.0,0.0,67.57,0.0,0,0,0,0,21,1148.41,164.06,1.0,-0.422,0.0,0.0,1.0,1,0,6.0,118.24,1,1,1,19.71,20,0.316,0,3,17,0.0,0.85,0.15,0,1,0,7.9,7290,68.8,0,0,0,0,7.242857142857143,7781.714285714285,70.51428571428572,1,0.6350671005565334,0.28049999999999997
2025-01-22,10,189.87,138.93,23.52,27.42,0.0,0.0,0.0,0.0,0,0,0,0,22,1078.87,154.12,1.0,-0.422,0.0,0.0,1.0,0,0,8.0,138.93,1,1,1,17.37,20,0.328,0,5,15,0.0,0.75,0.25,0,1,0,7.5,6240,72.3,0,0,0,0,7.328571428571428,7485.0,70.47142857142856,1,0.5531907297632713,0.3015
2025-01-23,4,142.8,45.32,0.0,0.0,0.0,0.0,97.48,0.0,0,0,0,0,23,927.85,132.55,1.0,0.0,0.0,1.0,0.0,0,0,3.0,45.32,1,1,1,15.11,11,0.323,0,2,9,0.0,0.818,0.182,0,1,0,7.5,9849,68.9,0,0,0,0,7.271428571428571,8001.285714285715,70.6,0,-0.1938787291512906,0.2888
2025-01-24,6,173.83,7.66,157.45,0.0,0.0,0.0,8.72,0.0,0,0,0,0,24,1033.91,147.7,1.0,-0.202,0.0,0.0,1.0,1,0,2.0,7.66,0,0,0,3.83,14,0.565,4,10,0,0.286,0.0,0.714,1,0,0,6.8,7882,70.7,0,0,0,0,7.299999999999999,7901.428571428572,70.5,0,-0.6313766584100825,0.5753999999999999
2025-01-25,8,595.81,66.02,137.37,0.0,0.0,79.76,312.66,0.0,1,0,1,1,25,1470.3,210.04,1.0,-0.273,0.0,0.0,1.0,1,0,3.0,66.02,1,0,1,22.01,19,0.308,0,1,18,0.0,0.947,0.053,0,1,0,7.9,9641,72.3,0,0,0,0,7.428571428571429,7920.142857142857,70.94285714285715,0,0.4998086689986225,0.26195
2025-01-26,7,179.95,65.92,45.14,15.56,53.33,0.0,0.0,0.0,0,1,0,1,26,1543.16,220.45,1.0,0.0,0.0,1.0,0.0,0,0,4.0,65.92,0,0,0,16.48,12,0.556,4,8,0,0.333,0.0,0.667,1,0,0,7.9,7441,65.4,0,0,0,0,7.471428571428572,7955.285714285715,70.11428571428571,0,-1.0116462301061862,0.5779500000000001
2025-01-27,11,213.13,63.01,56.97,27.35,0.0,0.0,65.8,0.0,0,0,0,0,27,1681.2,240.17,1.0,0.0,0.0,1.0,0.0,0,0,6.0,63.01,1,0,1,10.5,18,0.314,0,2,16,0.0,0.889,0.111,0,1,0,7.4,8331,72.5,0,0,0,0,7.557142857142857,8096.285714285715,70.12857142857142,1,0.06246497395666703,0.27365
2025-01-28,7,229.32,136.83,0.0,42.57,0.0,0.0,49.92,0.0,0,0,0,0,28,1724.71,246.39,1.0,-0.422,0.0,0.0,1.0,1,0,5.0,136.83,1,1,1,27.37,16,0.32,0,0,16,0.0,1.0,0.0,0,1,0,7.5,6662,74.4,0,0,0,0,7.5,8006.571428571428,70.92857142857143,1,0.7097229038634754,0.26
2025-01-29,6,102.86,27.32,0.0,0.0,0.0,0.0,75.54,0.0,0,0,0,0,29,1637.7,233.96,1.0,0.0,0.0,1.0,0.0,0,0,4.0,27.32,0,0,0,6.83,14,0.544,3,11,0,0.214,0.0,0.786,0,0,1,6.8,8340,70.1,0,0,0,0,7.399999999999999,8306.57142857143,70.61428571428573,0,-0.9206434606721206,0.5541
2025-01-30,5,169.2,7.41,0.0,0.0,58.9,0.0,102.89,0.0,0,1,0,0,30,1664.1,237.73,1.0,0.0,0.0,1.0,0.0,0,0,1.0,7.41,0,0,0,7.41,10,0.325,0,2,8,0.0,0.8,0.2,0,1,0,7.6,9144,68.3,0,0,0,0,7.414285714285714,8205.857142857143,70.52857142857142,1,-0.45358842867282984,0.2925
2025-01-31,4,173.52,31.01,0.0,0.0,19.35,0.0,123.16,0.0,0,1,1,0,31,1663.79,237.68,1.0,0.0,0.0,1.0,0.0,0,0,2.0,31.01,0,1,0,15.5,19,0.452,0,12,7,0.0,0.368,0.632,0,0,1,7.9,6965,65.6,0,0,0,0,7.571428571428571,8074.857142857143,69.8,0,-0.5447071672557712,0.4208
2025-02-01,8,239.76,105.42,45.41,88.93,0.0,0.0,0.0,0.0,0,0,0,1,1,1307.74,186.82,1.0,0.0,0.0,1.0,0.0,0,0,5.0,105.42,1,1,1,21.08,19,0.327,0,4,15,0.0,0.789,0.211,0,1,0,7.0,6051,72.7,0,0,0,0,7.442857142857142,7562.0,69.85714285714286,1,0.390308811498971,0.29515
2025-02-02,5,246.62,87.1,0.0,16.2,0.0,0.0,143.32,0.0,0,0,1,1,2,1374.41,196.34,1.0,0.0,0.0,1.0,0.0,0,0,2.0,87.1,1,1,0,43.55,15,0.337,0,4,11,0.0,0.733,0.267,0,1,0,6.9,9005,67.7,0,0,0,0,7.3,7785.428571428572,70.18571428571428,1,-0.08917267896157326,0.30855
2025-02-03,8,528.67,71.17,50.13,0.0,0.0,139.09,268.28,0.0,1,0,1,0,3,1689.95,241.42,3.0,-0.204,0.0,2.0,1.0,1,0,3.0,71.17,1,1,0,23.72,16,0.318,0,3,13,0.0,0.812,0.188,0,1,0,6.9,8784,67.4,0,0,0,0,7.228571428571429,7850.142857142857,69.45714285714286,1,0.3697734098518471,0.2872
2025-02-04,6,273.31,62.92,0.0,0.0,0.0,0.0,0.0,210.39,0,0,1,0,4,1733.94,247.71,3.0,-0.085,1.0,0.0,2.0,1,1,5.0,62.92,1,0,1,12.58,18,0.315,0,1,17,0.0,0.944,0.056,0,1,0,7.8,8854,70.1,0,0,0,0,7.271428571428571,8163.285714285715,68.84285714285714,1,0.19131515096154098,0.2659
2025-02-05,8,254.94,156.11,0.0,0.0,0.0,0.0,98.83,0.0,0,0,0,0,5,1886.02,269.43,2.0,-0.42,0.0,1.0,1.0,1,0,6.0,156.11,1,1,1,26.02,15,0.329,0,0,15,0.0,1.0,0.0,0,1,0,6.8,9423,69.9,0,0,0,0,7.271428571428571,8318.0,68.81428571428572,0,0.6036159960889107,0.2645
2025-02-06,10,234.72,87.34,0.0,0.0,18.79,0.0,128.59,0.0,0,1,0,0,6,1951.54,278.79,1.0,-0.422,0.0,0.0,1.0,1,0,7.0,87.34,1,1,1,12.48,12,0.317,0,1,11,0.0,0.917,0.083,0,1,0,7.8,9502,70.6,0,0,0,0,7.3,8369.142857142857,69.14285714285714,0,0.32222301229483685,0.27095
2025-02-07,8,293.39,53.77,0.0,0.0,0.0,0.0,239.62,0.0,0,0,1,0,7,2071.41,295.92,1.0,-0.422,0.0,0.0,1.0,0,0,3.0,53.77,1,0,1,17.92,20,0.329,0,1,19,0.0,0.95,0.05,0,1,0,6.7,6388,71.8,0,0,0,0,7.128571428571429,8286.714285714286,70.02857142857142,0,0.7141888688585375,0.272
2025-02-08,9,419.38,36.9,0.0,0.0,0.0,60.19,322.29,0.0,1,0,1,1,8,2251.03,321.58,2.0,-0.159,1.0,0.0,1.0,1,1,4.0,36.9,1,1,0,9.22,11,0.448,0,7,4,0.0,0.364,0.636,0,0,1,7.4,8355,68.7,0,0,0,0,7.185714285714286,8615.857142857143,69.45714285714286,0,-0.1811145552832353,0.4194
2025-02-09,5,71.16,49.84,0.0,0.0,0.0,0.0,21.32,0.0,0,0,0,1,9,2075.57,296.51,1.0,-0.612,0.0,0.0,1.0,1,0,4.0,49.84,1,0,1,12.46,16,0.318,0,3,13,0.0,0.812,0.188,0,1,0,7.7,8482,73.0,0,0,0,0,7.3,8541.142857142857,70.21428571428571,0,0.5945079098664646,0.2872
2025-02-10,5,160.11,78.47,62.96,0.0,0.0,0.0,18.68,0.0,0,0,0,0,10,1707.01,243.86,1.0,-0.612,0.0,0.0,1.0,0,0,3.0,78.47,1,1,1,26.16,20,0.311,0,0,20,0.0,1.0,0.0,0,1,0,7.7,6449,73.8,0,0,0,0,7.414285714285714,8207.57142857143,71.12857142857142,1,0.8399956321331354,0.2555
2025-02-11,4,75.12,32.88,0.0,42.24,0.0,0.0,0.0,0.0,0,0,0,0,11,1508.82,215.55,1.0,0.0,0.0,1.0,0.0,0,0,3.0,32.88,1,0,0,10.96,20,0.322,0,1,19,0.0,0.95,0.05,0,1,0,7.9,9138,73.7,0,0,0,0,7.428571428571429,8248.142857142857,71.64285714285714,1,-0.16535018820139438,0.2685
2025-02-12,7,309.82,55.19,0.0,0.0,0.0,59.26,195.37,0.0,1,0,1,0,12,1563.7,223.39,1.0,0.0,0.0,1.0,0.0,0,0,3.0,55.19,1,0,1,18.4,10,0.318,0,0,10,0.0,1.0,0.0,0,1,0,6.6,7434,73.1,0,0,0,0,7.399999999999999,7964.0,72.1,1,0.18913196418293446,0.259
2025-02-13,7,321.15,34.69,0.0,0.0,0.0,0.0,286.46,0.0,0,0,1,0,13,1650.13,235.73,3.0,-0.204,0.0,2.0,1.0,1,0,3.0,34.69,0,0,0,11.56,17,0.547,3,14,0,0.176,0.0,0.824,0,0,1,7.1,6921,65.1,0,0,0,0,7.3,7595.285714285715,71.31428571428572,0,-0.5856675092523591,0.5499
2025-02-14,10,493.4,90.89,0.0,0.0,37.53,116.71,248.27,0.0,1,1,1,0,14,1850.14,264.31,1.0,0.509,1.0,0.0,0.0,0,1,5.0,90.89,1,1,1,18.18,13,0.306,0,1,12,0.0,0.923,0.077,0,1,0,7.3,7016,73.9,0,0,0,0,7.385714285714285,7685.0,71.61428571428571,1,-0.13713066455655384,0.26455
2025-02-15,11,253.04,106.45,52.58,0.0,43.99,0.0,50.02,0.0,0,1,0,1,15,1683.8,240.54,2.0,0.0,0.0,2.0,0.0,0,0,8.0,106.45,1,0,1,13.31,17,0.325,0,2,15,0.0,0.882,0.118,0,1,0,6.7,7386,69.9,0,0,0,0,7.285714285714286,7546.571428571428,71.78571428571429,0,0.26746439451515264,0.2802
2025-02-16,10,533.67,61.43,0.0,0.0,0.0,0.0,472.24,0.0,0,0,1,1,16,2146.31,306.62,1.0,-0.202,0.0,0.0,1.0,1,0,5.0,61.43,1,0,1,12.29,13,0.327,0,2,11,0.0,0.846,0.154,0,1,0,7.6,8627,65.5,0,0,0,0,7.271428571428571,7567.285714285715,70.71428571428571,0,0.1983014924039582,0.2866
2025-02-17,5,236.43,82.74,0.0,0.0,0.0,0.0,0.0,153.69,0,0,1,0,17,2222.63,317.52,2.0,0.261,1.0,0.0,1.0,1,1,4.0,82.74,1,1,1,20.68,14,0.315,0,0,14,0.0,1.0,0.0,0,1,0,7.2,6588,73.9,0,0,0,0,7.2,7587.142857142857,70.72857142857143,0,0.17319162061408186,0.2575
2025-02-18,4,97.21,56.49,40.72,0.0,0.0,0.0,0.0,0.0,0,0,0,0,18,2244.72,320.67,2.0,-0.051,0.0,1.0,1.0,1,0,3.0,56.49,1,1,1,18.83,10,0.323,0,2,8,0.0,0.8,0.2,0,1,0,7.8,8324,67.2,0,0,0,0,7.185714285714286,7470.857142857143,69.8,1,0.001540756736277603,0.2915
2025-02-19,7,191.47,88.11,0.0,0.0,0.0,0.0,103.36,0.0,0,0,0,0,19,2126.37,303.77,1.0,0.0,0.0,1.0,0.0,0,0,3.0,88.11,1,1,1,29.37,17,0.322,0,2,15,0.0,0.882,0.118,0,1,0,7.7,7559,75.0,0,0,0,0,7.3428571428571425,7488.714285714285,70.07142857142857,1,0.10623711045193683,0.2787
2025-02-20,7,329.53,53.8,0.0,0.0,51.65,0.0,224.08,0.0,0,1,1,0,20,2134.75,304.96,3.0,-0.281,0.0,1.0,2.0,1,0,3.0,53.8,1,0,1,17.93,12,0.324,0,1,11,0.0,0.917,0.083,0,1,0,6.7,8542,67.2,0,0,0,0,7.285714285714286,7720.285714285715,70.37142857142858,0,0.36403874140914394,0.27445
2025-02-21,4,248.36,25.25,0.0,0.0,0.0,0.0,0.0,223.11,0,0,1,0,21,1889.71,269.96,2.0,0.097,1.0,0.0,1.0,1,1,3.0,25.25,0,0,0,8.42,18,0.549,4,14,0,0.222,0.0,0.778,0,0,1,7.9,6234,65.7,0,0,0,0,7.371428571428572,7608.571428571428,69.2,0,-0.9267021068705142,0.5578000000000001
2025-02-22,4,499.62,26.06,71.74,0.0,0.0,0.0,401.82,0.0,0,0,1,1,22,2136.29,305.18,3.0,-0.364,0.0,1.0,2.0,1,0,1.0,26.06,1,0,1,26.06,18,0.325,0,1,17,0.0,0.944,0.056,0,1,0,7.0,6905,71.2,0,0,0,0,7.414285714285714,7539.857142857143,69.38571428571429,0,0.7347621579328039,0.27090000000000003
2025-02-23,7,249.41,79.82,36.21,0.0,0.0,0.0,133.38,0.0,0,0,1,1,23,1852.03,264.58,3.0,0.23,1.0,2.0,0.0,0,1,4.0,79.82,1,0,1,19.95,16,0.325,0,2,14,0.0,0.875,0.125,0,1,0,7.9,7851,71.8,0,0,0,0,7.457142857142857,7429.0,70.28571428571429,0,-0.19109783551410836,0.28125
2025-02-24,3,45.45,39.99,0.0,0.0,0.0,0.0,5.46,0.0,0,0,0,0,24,1661.05,237.29,2.0,0.011,1.0,0.0,1.0,1,1,2.0,39.99,1,0,1,20.0,10,0.324,0,2,8,0.0,0.8,0.2,0,1,0,7.3,9389,69.3,0,0,0,0,7.471428571428572,7829.142857142857,69.62857142857142,0,-0.12286583363839973,0.29200000000000004
2025-02-25,7,108.64,45.94,0.0,0.0,0.0,0.0,62.7,0.0,0,0,0,0,25,1672.48,238.93,3.0,-0.187,1.0,1.0,1.0,1,1,3.0,45.94,0,1,0,15.31,14,0.452,0,10,4,0.0,0.286,0.714,0,0,1,7.7,9298,66.6,0,0,0,0,7.457142857142857,7968.285714285715,69.54285714285714,0,-0.46686497300116686,0.43310000000000004
2025-02-26,4,77.65,48.56,0.0,29.09,0.0,0.0,0.0,0.0,0,0,0,0,26,1558.66,222.67,3.0,-0.187,1.0,1.0,1.0,0,0,3.0,48.56,1,0,1,16.19,19,0.338,0,3,16,0.0,0.842,0.158,0,1,0,6.6,7163,65.6,0,0,0,0,7.3,7911.714285714285,68.2,0,0.385234568659658,0.2927
2025-02-27,9,339.53,114.22,36.06,39.87,0.0,0.0,149.38,0.0,0,0,1,0,27,1568.66,224.09,1.0,0.0,0.0,1.0,0.0,0,0,5.0,114.22,1,1,1,22.84,13,0.314,0,2,11,0.0,0.846,0.154,0,1,0,6.9,9286,74.3,0,0,0,0,7.328571428571428,8018.0,69.21428571428571,0,0.02864166070554095,0.2801
2025-02-28,6,113.26,102.78,0.0,10.48,0.0,0.0,0.0,0.0,0,0,0,0,28,1433.56,204.79,1.0,0.0,0.0,1.0,0.0,0,0,5.0,102.78,1,1,1,20.56,20,0.324,0,3,17,0.0,0.85,0.15,0,1,0,8.0,8758,65.8,0,0,0,0,7.342857142857143,8378.57142857143,69.22857142857143,0,0.030884477745214436,0.2845
2025-03-01,7,116.86,70.7,0.0,0.0,0.0,0.0,46.16,0.0,0,0,0,1,1,1050.8,150.11,1.0,-0.422,0.0,0.0,1.0,1,0,5.0,70.7,1,0,1,14.14,15,0.311,0,0,15,0.0,1.0,0.0,0,1,0,7.4,9682,71.2,0,0,0,0,7.4,8775.285714285714,69.22857142857143,0,0.4922921570564429,0.2555
2025-03-02,5,87.89,41.99,0.0,0.0,0.0,0.0,45.9,0.0,0,0,0,1,2,889.28,127.04,1.0,0.103,1.0,0.0,0.0,0,1,4.0,41.99,0,0,0,10.5,18,0.546,4,13,1,0.222,0.056,0.722,0,0,1,7.7,9160,70.5,0,0,0,0,7.371428571428572,8962.285714285714,69.04285714285713,0,-1.1214575924379155,0.5479
2025-03-03,9,196.1,85.7,20.03,53.53,0.0,0.0,36.84,0.0,0,0,0,0,3,1039.93,148.56,1.0,0.625,1.0,0.0,0.0,0,1,5.0,85.7,0,0,1,17.14,13,0.317,0,1,12,0.0,0.923,0.077,0,1,0,6.9,8102,73.2,0,0,0,0,7.314285714285715,8778.42857142857,69.6,0,-0.45830572217645793,0.27005
2025-03-04,9,92.85,81.96,0.0,0.0,0.0,0.0,10.89,0.0,0,0,0,0,4,1024.14,146.31,2.0,0.401,1.0,1.0,0.0,0,1,8.0,81.96,0,0,1,10.24,15,0.32,0,3,12,0.0,0.8,0.2,0,1,0,7.4,8470,72.4,0,0,0,0,7.271428571428571,8660.142857142857,70.42857142857143,1,-0.3993497165239103,0.29000000000000004
2025-03-05,4,131.66,72.05,59.61,0.0,0.0,0.0,0.0,0.0,0,0,0,0,5,1078.15,154.02,1.0,0.572,1.0,0.0,0.0,0,1,3.0,72.05,1,1,1,24.02,18,0.314,0,1,17,0.0,0.944,0.056,0,1,0,6.5,9957,72.6,0,0,0,0,7.257142857142858,9059.285714285714,71.42857142857143,1,-0.21617224574741156,0.26539999999999997
2025-03-06,6,116.38,67.2,0.0,0.0,0.0,40.87,8.31,0.0,1,0,0,0,6,855.0,122.14,1.0,-0.051,0.0,0.0,1.0,1,0,4.0,67.2,1,0,1,16.8,18,0.313,0,2,16,0.0,0.889,0.111,0,1,0,6.5,6304,72.5,0,0,0,0,7.200000000000001,8633.285714285714,71.17142857142856,0,0.6531882097899562,0.27315
2025-03-07,7,136.38,106.9,0.0,29.48,0.0,0.0,0.0,0.0,0,0,0,0,7,878.12,125.45,1.0,0.0,0.0,1.0,0.0,0,0,6.0,106.9,1,0,1,17.82,10,0.322,0,2,8,0.0,0.8,0.2,0,1,0,7.7,7299,73.9,0,0,0,0,7.157142857142858,8424.857142857143,72.32857142857144,1,-0.18260741856244486,0.29100000000000004
2025-03-08,10,375.46,119.57,41.13,0.0,0.0,0.0,214.76,0.0,0,0,1,1,8,1136.72,162.39,1.0,0.0,0.0,1.0,0.0,0,0,7.0,119.57,1,0,1,17.08,11,0.327,0,1,10,0.0,0.909,0.091,0,1,0,6.7,6057,65.0,0,0,0,0,7.057142857142857,7907.0,71.44285714285715,0,0.19857830775601568,0.27715
2025-03-09,4,92.64,58.12,0.0,34.52,0.0,0.0,0.0,0.0,0,0,0,1,9,1141.47,163.07,2.0,-0.305,0.0,1.0,1.0,1,0,3.0,58.12,1,0,1,19.37,16,0.309,0,0,16,0.0,1.0,0.0,0,1,0,7.7,8729,72.5,0,0,0,0,7.057142857142858,7845.428571428572,71.72857142857143,0,0.4426974641166665,0.2545
2025-03-10,5,107.75,50.03,57.72,0.0,0.0,0.0,0.0,0.0,0,0,0,0,10,1053.12,150.45,2.0,-0.305,0.0,1.0,1.0,0,0,4.0,50.03,0,0,0,12.51,17,0.545,4,13,0,0.235,0.0,0.765,0,0,1,7.7,6313,67.9,0,0,0,0,7.171428571428571,7589.857142857143,70.97142857142858,0,-0.7071262518275396,0.55775
2025-03-11,8,506.04,60.14,0.0,26.61,0.0,23.9,395.39,0.0,1,0,1,0,11,1466.31,209.47,2.0,0.379,1.0,1.0,0.0,0,1,3.0,60.14,0,1,0,20.05,15,0.46,0,13,2,0.0,0.133,0.867,0,0,1,7.5,6861,70.9,0,0,0,0,7.185714285714285,7360.0,70.75714285714285,0,-0.820466448034724,0.46005
2025-03-12,8,253.19,125.71,0.0,0.0,0.0,0.0,127.48,0.0,0,0,1,0,12,1587.84,226.83,2.0,-0.35,0.0,1.0,1.0,1,0,7.0,125.71,1,1,1,17.96,20,0.306,0,2,18,0.0,0.9,0.1,0,1,0,6.8,8698,73.9,0,0,0,0,7.228571428571429,7180.142857142857,70.94285714285715,1,0.7311977261606111,0.268
2025-03-13,9,219.85,96.44,41.79,0.0,81.62,0.0,0.0,0.0,0,1,0,0,13,1691.31,241.62,2.0,-0.35,0.0,1.0,1.0,0,0,6.0,96.44,1,0,1,16.07,18,0.31,0,0,18,0.0,1.0,0.0,0,1,0,7.2,6331,67.5,0,0,0,0,7.328571428571428,7184.0,70.22857142857143,0,0.5771330266930753,0.255
2025-03-14,4,247.67,77.26,0.0,0.0,0.0,0.0,170.41,0.0,0,0,1,0,14,1802.6,257.51,2.0,-0.35,0.0,1.0,1.0,0,0,3.0,77.26,1,1,1,25.75,13,0.322,0,0,13,0.0,1.0,0.0,0,1,0,7.1,9499,66.6,0,0,0,0,7.242857142857142,7498.285714285715,69.18571428571428,0,0.30314809472934534,0.261
2025-03-15,9,469.25,127.83,0.0,0.0,0.0,161.42,180.0,0.0,1,0,1,1,15,1896.39,270.91,2.0,-0.407,0.0,0.0,2.0,1,0,5.0,127.83,1,1,1,25.57,19,0.316,0,0,19,0.0,1.0,0.0,0,1,0,6.9,6857,66.0,0,0,0,0,7.271428571428571,7612.571428571428,69.32857142857144,1,1.0760194180208102,0.258
2025-03-16,4,128.83,77.75,0.0,0.0,0.0,0.0,51.08,0.0,0,0,0,1,16,1932.58,276.08,2.0,0.372,1.0,1.0,0.0,0,1,3.0,77.75,0,0,1,25.92,14,0.332,0,3,11,0.0,0.786,0.214,0,1,0,7.0,9050,69.7,0,0,0,0,7.171428571428571,7658.428571428572,68.92857142857143,1,-0.3272205744023374,0.29810000000000003
2025-03-17,17,491.54,224.01,16.93,25.21,71.08,0.0,0.0,154.31,0,1,1,0,17,2316.37,330.91,2.0,0.093,1.0,0.0,1.0,1,1,12.0,224.01,1,1,1,18.67,18,0.324,0,2,16,0.0,0.889,0.111,0,1,0,7.5,6768,70.3,0,0,0,0,7.142857142857143,7723.428571428572,69.27142857142857,1,0.28525961083633217,0.27865
2025-03-18,7,212.08,118.2,0.0,0.0,0.0,93.88,0.0,0.0,1,0,0,0,18,2022.41,288.92,2.0,-0.137,0.0,1.0,1.0,1,0,6.0,118.2,1,0,1,19.7,13,0.336,0,1,12,0.0,0.923,0.077,0,1,0,7.4,9017,65.9,0,0,0,0,7.128571428571429,8031.428571428572,68.55714285714285,1,0.2160977254245612,0.27955
2025-03-19,8,208.53,149.88,0.0,0.0,0.0,50.79,7.86,0.0,1,0,0,0,19,1977.75,282.54,2.0,-0.137,0.0,1.0,1.0,0,0,6.0,149.88,1,1,1,24.98,12,0.318,0,2,10,0.0,0.833,0.167,0,1,0,7.7,9865,74.5,0,0,0,0,7.257142857142857,8198.142857142857,68.64285714285714,1,0.03386427176139737,0.28405
2025-03-20,8,547.44,49.04,0.0,0.0,0.0,0.0,498.4,0.0,0,0,1,0,20,2305.34,329.33,1.0,0.103,1.0,0.0,0.0,0,1,5.0,49.04,0,1,0,9.81,15,0.452,0,13,2,0.0,0.133,0.867,0,0,1,7.9,9809,69.3,0,0,0,0,7.357142857142857,8695.0,68.9,0,-0.966577406696564,0.45605
2025-03-21,9,328.1,74.27,104.15,0.0,0.0,0.0,149.68,0.0,0,0,1,0,21,2385.77,340.82,1.0,0.103,1.0,0.0,0.0,0,0,5.0,74.27,1,1,1,14.85,11,0.311,0,1,10,0.0,0.909,0.091,0,1,0,7.0,9434,71.3,0,0,0,0,7.342857142857143,8685.714285714286,69.57142857142857,1,-0.10571963368764603,0.26915
2025-03-22,10,346.61,139.33,0.0,0.0,0.0,0.0,207.28,0.0,0,0,1,1,22,2263.13,323.3,2.0,0.166,1.0,0.0,1.0,1,1,7.0,139.33,1,0,1,19.9,19,0.327,0,3,16,0.0,0.842,0.158,0,1,0,7.3,9638,68.1,0,0,0,0,7.4,9083.0,69.87142857142857,1,0.045052165325015076,0.2872
2025-03-23,9,209.91,112.96,0.0,0.0,0.0,0.0,0.0,96.95,0,0,0,1,23,2344.21,334.89,1.0,0.0,0.0,1.0,0.0,0,0,8.0,112.96,1,1,1,14.12,20,0.326,0,3,17,0.0,0.85,0.15,0,1,0,7.2,6043,68.8,0,0,0,0,7.428571428571429,8653.42857142857,69.74285714285715,1,0.41805386042172654,0.2855
2025-03-24,8,305.22,66.02,0.0,0.0,0.0,0.0,239.2,0.0,0,0,1,0,24,2157.89,308.27,1.0,-0.422,0.0,0.0,1.0,1,0,5.0,66.02,1,1,0,13.2,20,0.442,0,16,4,0.0,0.2,0.8,0,0,1,7.1,8007,69.8,0,0,0,0,7.371428571428572,8830.42857142857,69.67142857142856,0,-0.06851053378418323,0.44100000000000006
2025-03-25,6,181.33,81.33,0.0,0.0,0.0,0.0,100.0,0.0,0,0,1,0,25,2127.14,303.88,1.0,-0.422,0.0,0.0,1.0,0,0,5.0,81.33,1,1,1,16.27,16,0.319,0,1,15,0.0,0.938,0.062,0,1,0,7.6,6814,65.4,0,0,0,0,7.399999999999999,8515.714285714286,69.6,1,0.5147307842707844,0.2688
2025-03-26,8,260.51,45.83,35.45,0.0,0.0,0.0,179.23,0.0,0,0,1,0,26,2179.12,311.3,1.0,0.572,1.0,0.0,0.0,0,1,4.0,45.83,0,0,0,11.46,19,0.325,0,2,17,0.0,0.895,0.105,0,1,0,7.8,7897,71.7,0,0,0,0,7.414285714285714,8234.57142857143,69.2,1,-0.5877166448467728,0.27825
2025-03-27,9,151.09,61.4,34.9,26.47,0.0,0.0,28.32,0.0,0,0,0,0,27,1782.77,254.68,1.0,0.691,1.0,0.0,0.0,0,1,5.0,61.4,0,0,0,12.28,20,0.555,5,15,0,0.25,0.0,0.75,0,0,1,7.1,7165,72.2,0,0,0,0,7.3,7856.857142857143,69.61428571428571,0,-1.4677791957232735,0.565
2025-03-28,10,319.93,69.62,0.0,38.23,0.0,38.87,173.21,0.0,1,0,0,0,28,1774.6,253.51,2.0,-0.159,1.0,0.0,1.0,1,1,5.0,69.62,1,0,1,13.92,18,0.334,0,1,17,0.0,0.944,0.056,0,1,0,6.5,8535,68.7,0,0,0,0,7.228571428571428,7728.428571428572,69.24285714285715,0,0.5825566592119888,0.2754
2025-03-29,9,176.49,63.73,28.96,0.0,47.25,0.0,36.55,0.0,0,1,0,1,29,1604.48,229.21,1.0,0.691,1.0,0.0,0.0,0,1,5.0,63.73,0,0,0,12.75,13,0.321,0,0,13,0.0,1.0,0.0,0,1,0,6.6,6516,67.9,0,0,0,0,7.128571428571428,7282.428571428572,69.21428571428571,1,-0.42224465148781876,0.2605
2025-03-30,7,319.19,86.59,51.27,0.0,0.0,68.51,112.82,0.0,1,0,1,1,30,1713.76,244.82,2.0,0.312,1.0,1.0,0.0,0,1,4.0,86.59,1,1,1,21.65,19,0.313,0,2,17,0.0,0.895,0.105,0,1,0,7.2,8088,72.9,0,0,0,0,7.128571428571429,7574.571428571428,69.8,0,0.17536286391200437,0.27225
2025-03-31,9,523.78,101.04,0.0,57.16,0.0,0.0,365.58,0.0,0,0,1,0,31,1932.32,276.05,1.0,0.691,1.0,0.0,0.0,0,1,5.0,101.04,1,1,1,20.21,14,0.303,0,2,12,0.0,0.857,0.143,0,1,0,6.7,6557,75.0,0,0,0,0,7.071428571428571,7367.428571428572,70.54285714285714,1,-0.25422901293982697,0.27295
2025-04-01,10,311.81,94.52,53.15,0.0,39.48,0.0,124.66,0.0,0,1,0,0,1,2062.8,294.69,1.0,0.691,1.0,0.0,0.0,0,0,6.0,94.52,0,0,1,15.75,10,0.685,9,1,0,0.9,0.0,0.1,1,0,0,7.8,10780,60.5,0,0,0,0,7.1000000000000005,7934.0,69.84285714285714,1,-1.9179278718142454,0.7275
2025-04-02,6,94.33,77.48,0.0,0.0,0.0,0.0,16.85,0.0,0,0,0,0,2,1896.62,270.95,1.0,0.0,0.0,1.0,0.0,0,0,5.0,77.48,0,1,1,15.5,20,0.618,11,9,0,0.55,0.0,0.45,1,0,0,7.5,10081,65.9,0,0,0,0,7.057142857142858,8246.0,69.01428571428572,1,-1.0479406927351813,0.6415
2025-04-03,6,141.54,85.67,0.0,55.87,0.0,0.0,0.0,0.0,0,0,0,0,3,1887.07,269.58,1.0,0.0,0.0,1.0,0.0,0,0,4.0,85.67,0,0,1,21.42,14,0.596,6,8,0,0.429,0.0,0.571,1,0,0,8.4,7669,64.0,0,0,0,0,7.242857142857143,8318.0,67.84285714285714,1,-1.100140876296278,0.61235
2025-04-04,6,142.72,61.1,0.0,44.89,0.0,0.0,36.73,0.0,0,0,0,0,4,1709.86,244.27,1.0,-0.422,0.0,0.0,1.0,1,0,4.0,61.1,0,1,1,15.28,17,0.649,11,6,0,0.647,0.0,0.353,1,0,0,7.3,7894,68.6,0,0,0,0,7.357142857142857,8226.42857142857,67.82857142857144,0,-0.4531158744359294,0.6715500000000001
2025-04-05,8,334.09,95.86,35.13,46.18,0.0,0.0,156.92,0.0,0,0,1,1,5,1867.46,266.78,1.0,0.0,0.0,1.0,0.0,0,0,4.0,95.86,0,1,1,23.96,11,0.659,10,1,0,0.909,0.0,0.091,1,0,0,7.7,10539,67.6,0,0,0,0,7.514285714285714,8801.142857142857,67.78571428571429,1,-1.1229843094984884,0.7158500000000001
2025-04-06,11,260.4,122.75,0.0,12.07,0.0,0.0,125.58,0.0,0,0,0,1,6,1808.67,258.38,1.0,0.0,0.0,1.0,0.0,0,0,7.0,122.75,0,1,1,17.54,12,0.638,6,6,0,0.5,0.0,0.5,1,0,0,8.4,10013,62.3,0,0,0,0,7.685714285714286,9076.142857142857,66.27142857142857,1,-1.1732418727963105,0.644
2025-04-07,10,427.27,111.92,0.0,0.0,0.0,106.29,209.06,0.0,1,0,1,0,7,1712.16,244.59,1.0,-0.292,0.0,0.0,1.0,1,0,7.0,111.92,0,0,1,15.99,14,0.659,9,5,0,0.643,0.0,0.357,1,0,0,8.4,7056,62.5,0,0,0,0,7.928571428571429,9147.42857142857,64.48571428571428,1,-0.6939344850921525,0.67595
2025-04-08,8,276.64,71.81,53.55,10.21,0.0,0.0,141.07,0.0,0,0,0,0,8,1676.99,239.57,1.0,0.0,0.0,1.0,0.0,0,0,3.0,71.81,0,1,1,23.94,13,0.614,6,7,0,0.462,0.0,0.538,1,0,0,6.4,9108,65.4,0,0,0,0,7.728571428571429,8908.57142857143,65.18571428571428,0,-0.7796876191960351,0.6263000000000001
2025-04-09,9,361.36,107.25,0.0,0.0,0.0,95.65,158.46,0.0,1,0,0,0,9,1944.02,277.72,1.0,0.0,0.0,1.0,0.0,0,0,5.0,107.25,0,0,1,21.45,19,0.663,13,6,0,0.684,0.0,0.316,1,0,0,8.0,7312,71.2,0,0,0,0,7.800000000000002,8513.0,65.94285714285714,1,-1.0178629598244464,0.6841
2025-04-10,10,238.12,139.44,0.0,27.1,0.0,0.0,71.58,0.0,0,0,0,0,10,2040.6,291.51,1.0,0.0,0.0,1.0,0.0,0,0,6.0,139.44,0,1,0,23.24,20,0.653,13,7,0,0.65,0.0,0.35,1,0,0,6.3,8671,61.8,0,0,0,0,7.5,8656.142857142857,65.62857142857143,1,-0.9692128512034378,0.674
2025-04-11,11,638.13,90.83,0.0,18.54,0.0,0.0,328.14,200.62,0,0,1,0,11,2536.01,362.29,1.0,0.0,0.0,1.0,0.0,0,0,6.0,90.83,0,1,1,15.14,12,0.658,9,3,0,0.75,0.0,0.25,1,0,0,6.9,8226,64.0,0,0,0,0,7.442857142857143,8703.57142857143,64.97142857142858,1,-0.8950641128658878,0.6915
2025-04-12,8,498.85,111.75,0.0,0.0,0.0,0.0,387.1,0.0,0,0,1,1,12,2700.77,385.82,1.0,0.625,1.0,0.0,0.0,0,1,5.0,111.75,0,1,1,22.35,14,0.594,3,11,0,0.214,0.0,0.786,1,0,0,6.7,10935,62.4,0,0,0,0,7.3,8760.142857142857,64.22857142857143,1,-1.3434840630750957,0.5791
2025-04-13,5,469.11,88.97,0.0,0.0,0.0,0.0,0.0,380.14,0,0,1,1,13,2909.48,415.64,1.0,0.0,0.0,1.0,0.0,0,0,4.0,88.97,0,0,1,22.24,13,0.612,5,8,0,0.385,0.0,0.615,1,0,0,7.7,8234,65.5,0,0,0,0,7.2,8506.0,64.68571428571428,0,-0.973635921205172,0.61375
2025-04-14,9,408.07,77.76,0.0,0.0,0.0,0.0,330.31,0.0,0,0,1,0,14,2890.28,412.9,1.0,0.659,1.0,0.0,0.0,0,1,5.0,77.76,0,0,1,15.55,20,0.692,20,0,0,1.0,0.0,0.0,1,0,0,7.8,9395,62.8,0,0,0,0,7.114285714285715,8840.142857142857,64.72857142857143,1,-1.8146294746563032,0.746
2025-04-15,9,214.35,144.22,0.0,0.0,36.57,33.56,0.0,0.0,1,1,0,0,15,2827.99,404.0,2.0,0.661,2.0,0.0,0.0,0,1,7.0,144.22,0,1,1,20.6,18,0.662,15,3,0,0.833,0.0,0.167,1,0,0,7.8,8484,71.4,0,0,0,0,7.314285714285715,8751.0,65.58571428571427,1,-1.4910888866538032,0.7059500000000001
2025-04-16,5,132.21,86.62,0.0,0.0,45.59,0.0,0.0,0.0,0,1,0,0,16,2598.84,371.26,2.0,0.661,2.0,0.0,0.0,0,0,4.0,86.62,0,0,1,21.66,17,0.654,14,3,0,0.824,0.0,0.176,1,0,0,7.6,7398,63.4,0,0,0,0,7.257142857142858,8763.285714285714,64.47142857142858,0,-1.5762978912051333,0.7006
2025-04-17,7,446.93,55.46,0.0,0.0,0.0,0.0,391.47,0.0,0,0,1,0,17,2807.65,401.09,1.0,0.778,1.0,0.0,0.0,0,1,3.0,55.46,0,0,1,18.49,12,0.615,7,5,0,0.583,0.0,0.417,1,0,0,6.3,9534,71.2,0,0,0,0,7.257142857142857,8886.57142857143,65.81428571428572,1,-1.5032574190084378,0.6449499999999999
2025-04-18,9,292.26,80.02,92.46,55.69,0.0,0.0,64.09,0.0,0,0,0,0,18,2461.78,351.68,1.0,0.052,1.0,0.0,0.0,0,1,4.0,80.02,0,1,1,20.0,18,0.654,12,6,0,0.667,0.0,0.333,1,0,0,7.9,10326,65.7,0,0,0,0,7.399999999999999,9186.57142857143,66.05714285714285,0,-1.2457612881890192,0.67705
2025-04-19,3,92.95,36.83,56.12,0.0,0.0,0.0,0.0,0.0,0,0,0,1,19,2055.88,293.7,1.0,0.052,1.0,0.0,0.0,0,0,2.0,36.83,0,0,1,18.42,14,0.666,12,2,0,0.857,0.0,0.143,1,0,0,7.8,10305,67.5,0,0,0,0,7.557142857142857,9096.57142857143,66.78571428571429,0,-1.2725447044359002,0.71155
2025-04-20,4,269.08,35.49,49.96,0.0,0.0,0.0,183.63,0.0,0,0,1,1,20,1855.85,265.12,1.0,0.052,1.0,0.0,0.0,0,0,2.0,35.49,0,1,0,17.74,18,0.629,10,8,0,0.556,0.0,0.444,1,0,0,7.9,7587,69.2,0,0,0,0,7.585714285714286,9004.142857142857,67.31428571428572,0,-1.1098984706800987,0.6479
2025-04-21,5,190.59,93.89,0.0,0.0,0.0,96.7,0.0,0.0,1,0,0,0,21,1638.37,234.05,1.0,0.0,0.0,1.0,0.0,0,0,4.0,93.89,0,0,1,23.47,11,0.644,7,4,0,0.636,0.0,0.364,1,0,0,6.2,9401,70.9,0,0,0,0,7.357142857142857,9005.0,68.47142857142858,0,-0.7975370469346467,0.6674
2025-04-22,8,253.96,36.4,41.19,0.0,0.0,0.0,176.37,0.0,0,0,0,0,22,1677.98,239.71,1.0,0.0,0.0,1.0,0.0,0,0,3.0,36.4,0,1,0,12.13,20,0.658,14,6,0,0.7,0.0,0.3,1,0,0,7.5,10940,70.7,0,0,0,0,7.314285714285715,9355.857142857143,68.37142857142858,0,-1.3426008076984206,0.6839999999999999
2025-04-23,7,133.16,48.3,17.48,29.84,0.0,0.0,37.54,0.0,0,0,0,0,23,1678.93,239.85,2.0,0.0,0.0,2.0,0.0,0,0,4.0,48.3,0,0,0,12.08,16,0.632,11,5,0,0.688,0.0,0.312,1,0,0,8.0,7939,64.5,0,0,0,0,7.371428571428572,9433.142857142857,68.52857142857142,1,-1.276897310436321,0.6692
2025-04-24,10,196.18,157.16,0.0,0.0,0.0,0.0,39.02,0.0,0,0,0,0,24,1428.18,204.03,2.0,0.75,2.0,0.0,0.0,0,1,9.0,157.16,0,1,1,17.46,17,0.666,13,4,0,0.765,0.0,0.235,1,0,0,6.4,10376,68.3,0,0,0,0,7.385714285714286,9553.42857142857,68.11428571428571,1,-1.5594820530032643,0.6977500000000001
2025-04-25,9,612.69,115.4,165.18,0.0,0.0,0.0,20.92,311.19,0,0,1,0,25,1748.61,249.8,1.0,-0.706,0.0,0.0,1.0,1,0,4.0,115.4,1,1,1,28.85,12,0.689,11,1,0,0.917,0.0,0.083,1,0,0,6.3,10068,68.5,0,0,0,0,7.157142857142857,9516.57142857143,68.51428571428572,1,-0.2681303888205352,0.73205
2025-04-26,9,457.06,56.74,51.35,0.0,39.58,0.0,309.39,0.0,0,1,1,1,26,2112.72,301.82,2.0,0.229,1.0,1.0,0.0,0,1,4.0,56.74,0,0,1,14.18,14,0.688,14,0,0,1.0,0.0,0.0,1,0,0,8.5,7572,67.9,0,0,0,0,7.257142857142857,9126.142857142857,68.57142857142857,0,-1.400527132176012,0.744
2025-04-27,6,212.8,55.34,68.36,53.1,0.0,0.0,36.0,0.0,0,0,0,1,27,2056.44,293.78,2.0,0.229,1.0,1.0,0.0,0,1,3.0,55.34,0,1,1,18.45,16,0.645,11,5,0,0.688,0.0,0.312,1,0,0,8.0,10415,69.6,0,0,0,0,7.271428571428572,9530.142857142857,68.62857142857142,1,-1.3238786355992211,0.6757
2025-04-28,8,196.85,178.35,0.0,0.0,18.5,0.0,0.0,0.0,0,1,0,0,28,2062.7,294.67,2.0,0.229,1.0,1.0,0.0,0,0,7.0,178.35,0,1,1,25.48,19,0.658,15,4,0,0.789,0.0,0.211,1,0,0,6.2,9320,61.9,0,0,0,0,7.271428571428571,9518.57142857143,67.34285714285714,1,-1.0242951160922338,0.6973500000000001
2025-04-29,9,459.39,81.14,0.0,0.0,0.0,135.69,242.56,0.0,1,0,1,0,29,2268.13,324.02,2.0,0.286,1.0,1.0,0.0,0,1,5.0,81.14,0,1,1,16.23,19,0.658,13,6,0,0.684,0.0,0.316,1,0,0,7.0,9995,66.5,0,0,0,0,7.2,9383.57142857143,66.74285714285715,0,-1.1416114446738599,0.6816
2025-04-30,7,216.78,38.9,0.0,0.0,0.0,0.0,177.88,0.0,0,0,0,0,30,2351.75,335.96,1.0,0.103,1.0,0.0,0.0,0,1,3.0,38.9,0,0,1,12.97,20,0.66,15,5,0,0.75,0.0,0.25,1,0,0,8.5,8484,64.5,0,0,0,0,7.271428571428571,9461.42857142857,66.74285714285715,1,-1.3760349707777728,0.6925000000000001
2025-05-01,9,377.01,54.78,0.0,0.0,0.0,0.0,322.23,0.0,0,0,1,0,1,2532.58,361.8,2.0,-0.306,0.0,1.0,1.0,1,0,4.0,54.78,1,0,0,13.7,18,0.381,0,9,9,0.0,0.5,0.5,0,0,1,4.7,4901,85.8,1,0,1,1,7.028571428571429,8679.285714285714,69.24285714285715,0,1.399499224714223,0.3655
2025-05-02,5,141.74,92.73,49.01,0.0,0.0,0.0,0.0,0.0,0,0,0,0,2,2061.63,294.52,3.0,0.212,1.0,2.0,0.0,0,1,4.0,92.73,1,0,1,23.18,20,0.365,0,8,12,0.0,0.6,0.4,0,0,1,5.7,6139,78.0,1,0,1,1,6.942857142857143,8118.0,70.6,1,0.87232330154638,0.3425
2025-05-03,3,93.8,20.92,72.88,0.0,0.0,0.0,0.0,0.0,0,0,0,1,3,1698.37,242.62,1.0,0.0,0.0,1.0,0.0,0,0,2.0,20.92,1,0,0,10.46,18,0.367,0,8,10,0.0,0.556,0.444,0,0,1,5.4,3477,79.5,1,1,1,1,6.5,7533.0,72.25714285714285,0,1.1127512779309465,0.3501
2025-05-04,8,359.03,49.88,0.0,0.0,0.0,0.0,309.15,0.0,0,0,1,1,4,1844.6,263.51,1.0,0.0,0.0,1.0,0.0,0,0,3.0,49.88,1,0,1,16.63,13,0.37,0,4,9,0.0,0.692,0.308,0,0,1,4.7,4283,84.7,1,0,1,1,6.028571428571428,6657.0,74.41428571428571,1,1.3100640412461675,0.3312
2025-05-05,7,135.76,102.71,33.05,0.0,0.0,0.0,0.0,0.0,0,0,0,0,5,1783.51,254.79,1.0,0.0,0.0,1.0,0.0,0,0,6.0,102.71,1,1,1,17.12,14,0.322,0,4,10,0.0,0.714,0.286,0,1,0,5.0,3658,89.1,1,1,1,1,5.857142857142857,5848.142857142857,78.3,1,1.443023054058116,0.3039
2025-05-06,10,273.36,71.28,42.74,58.99,0.0,56.34,44.01,0.0,1,0,0,0,6,1597.48,228.21,1.0,-0.422,0.0,0.0,1.0,1,0,5.0,71.28,1,0,1,14.26,12,0.359,0,4,8,0.0,0.667,0.333,0,0,1,4.6,5075,89.2,1,0,1,1,5.514285714285714,5145.285714285715,81.54285714285716,1,1.7867867187153939,0.32945
2025-05-07,9,226.52,80.36,43.39,0.0,37.5,0.0,65.27,0.0,0,1,0,0,7,1607.22,229.6,2.0,-0.051,0.0,1.0,1.0,1,0,4.0,80.36,1,0,0,20.09,19,0.355,0,7,12,0.0,0.632,0.368,0,0,1,5.4,4036,77.0,1,0,1,1,5.071428571428571,4509.857142857143,83.32857142857144,0,1.2697584958752646,0.3327
2025-05-08,5,261.58,96.13,0.0,0.0,0.0,0.0,165.45,0.0,0,0,1,0,8,1491.79,213.11,3.0,-0.097,0.0,2.0,1.0,1,0,4.0,96.13,1,0,1,24.03,17,0.349,0,6,11,0.0,0.647,0.353,0,0,1,5.4,6410,82.4,1,0,1,1,5.171428571428572,4725.428571428572,82.84285714285714,1,1.2925580230571116,0.32745
2025-05-09,5,159.89,81.41,78.48,0.0,0.0,0.0,0.0,0.0,0,0,0,0,9,1509.94,215.71,3.0,-0.097,0.0,2.0,1.0,0,0,4.0,81.41,1,1,1,20.35,19,0.358,0,7,12,0.0,0.632,0.368,0,0,1,5.1,4629,86.1,1,0,1,1,5.085714285714286,4509.714285714285,84.0,0,1.4305929786992622,0.3342
2025-05-10,9,498.55,56.75,63.45,0.0,35.35,0.0,29.81,313.19,0,1,1,1,10,1914.69,273.53,2.0,0.092,1.0,0.0,1.0,1,1,5.0,56.75,1,0,1,11.35,16,0.357,0,7,9,0.0,0.562,0.438,0,0,1,4.8,4534,86.9,1,0,1,1,5.0,4660.714285714285,85.05714285714285,1,1.3658231243794658,0.3442
2025-05-11,6,168.41,103.66,64.75,0.0,0.0,0.0,0.0,0.0,0,0,0,1,11,1724.07,246.3,1.0,0.625,1.0,0.0,0.0,0,1,5.0,103.66,1,1,1,20.73,15,0.37,0,6,9,0.0,0.6,0.4,0,0,1,5.1,3451,76.0,1,1,1,1,5.057142857142857,4541.857142857143,83.8142857142857,0,0.8883688961754793,0.345
2025-05-12,15,348.63,193.19,119.42,36.02,0.0,0.0,0.0,0.0,0,0,0,0,12,1936.94,276.71,1.0,0.572,1.0,0.0,0.0,0,1,12.0,193.19,1,0,1,16.1,16,0.339,0,3,13,0.0,0.812,0.188,0,1,0,6.0,3827,82.3,0,1,1,1,5.2,4566.0,82.84285714285714,1,0.6493272525524868,0.2977
2025-05-13,5,205.85,59.81,0.0,0.0,0.0,0.0,146.04,0.0,0,0,1,0,13,1869.43,267.06,1.0,0.572,1.0,0.0,0.0,0,0,4.0,59.81,1,0,1,14.95,20,0.318,0,4,16,0.0,0.8,0.2,0,1,0,5.1,4540,82.0,1,0,1,1,5.271428571428571,4489.571428571428,81.81428571428572,1,1.010294253028125,0.28900000000000003
2025-05-14,6,117.61,82.6,0.0,0.0,0.0,0.0,35.01,0.0,0,0,0,0,14,1760.52,251.5,1.0,-0.361,0.0,0.0,1.0,1,0,5.0,82.6,1,0,1,16.52,15,0.359,0,4,11,0.0,0.733,0.267,0,0,1,6.3,5999,77.3,0,0,1,0,5.4,4770.0,81.85714285714286,1,0.7151465875869576,0.31955
2025-05-15,9,487.77,81.43,16.61,0.0,34.12,0.0,355.61,0.0,0,1,1,0,15,1986.71,283.82,3.0,-0.162,1.0,0.0,2.0,1,1,5.0,81.43,1,1,1,16.29,16,0.329,0,5,11,0.0,0.688,0.312,0,1,0,4.6,4061,83.6,1,0,1,1,5.285714285714286,4434.428571428572,82.02857142857142,1,1.7725029797699472,0.3113
2025-05-16,8,288.49,30.77,0.0,0.0,0.0,0.0,257.72,0.0,0,0,1,0,16,2115.31,302.19,1.0,0.0,0.0,1.0,0.0,0,0,3.0,30.77,1,0,0,10.26,19,0.363,0,9,10,0.0,0.526,0.474,0,0,1,6.3,6849,81.4,0,0,1,0,5.457142857142857,4751.571428571428,81.35714285714286,0,0.033611727157508965,0.3526
2025-05-17,9,157.15,118.93,0.0,0.0,0.0,0.0,38.22,0.0,0,0,0,1,17,1773.91,253.42,2.0,-0.049,1.0,0.0,1.0,1,1,8.0,118.93,1,0,1,14.87,16,0.341,0,6,10,0.0,0.625,0.375,0,0,1,5.7,5193,85.0,1,0,1,1,5.585714285714286,4845.714285714285,81.08571428571429,1,1.3349519496255324,0.32675
2025-05-18,7,105.56,92.84,0.0,0.0,12.72,0.0,0.0,0.0,0,1,0,1,18,1711.06,244.44,2.0,-0.63,0.0,0.0,2.0,1,0,6.0,92.84,1,1,1,15.47,12,0.346,0,5,7,0.0,0.583,0.417,0,0,1,5.6,6124,75.3,1,0,1,1,5.6571428571428575,5227.571428571428,80.98571428571428,0,1.7450781247971159,0.33555
2025-05-19,5,205.97,59.51,0.0,56.92,0.0,0.0,89.54,0.0,0,0,0,0,19,1568.4,224.06,1.0,-0.422,0.0,0.0,1.0,1,0,3.0,59.51,1,1,1,19.84,13,0.379,0,7,6,0.0,0.462,0.538,0,0,1,5.3,4686,83.9,1,0,1,1,5.557142857142857,5350.285714285715,81.21428571428571,0,1.5649817166760964,0.37020000000000003
2025-05-20,10,282.8,129.93,0.0,25.76,28.84,98.27,0.0,0.0,1,1,0,0,20,1645.35,235.05,2.0,-0.211,0.0,1.0,1.0,1,0,7.0,129.93,1,0,1,18.56,10,0.361,0,4,6,0.0,0.6,0.4,0,0,1,6.2,4498,81.2,0,0,1,0,5.714285714285714,5344.285714285715,81.10000000000001,1,0.671509977203217,0.3405
2025-05-21,7,203.44,64.68,27.98,0.0,0.0,71.63,39.15,0.0,1,0,0,0,21,1731.18,247.31,3.0,-0.042,1.0,1.0,1.0,1,1,3.0,64.68,1,1,0,21.56,20,0.332,0,6,14,0.0,0.7,0.3,0,1,0,5.4,3924,85.4,1,1,1,1,5.585714285714286,5047.857142857143,82.25714285714287,1,1.5827558658326075,0.311
2025-05-22,10,377.66,94.07,28.06,0.0,0.0,0.0,255.53,0.0,0,0,1,0,22,1621.07,231.58,1.0,0.0,0.0,1.0,0.0,0,0,7.0,94.07,1,0,1,13.44,18,0.376,0,8,10,0.0,0.556,0.444,0,0,1,4.8,4248,85.5,1,0,1,1,5.614285714285714,5074.571428571428,82.52857142857144,1,1.244293891043467,0.3546
2025-05-23,8,305.73,97.91,71.3,0.0,0.0,0.0,136.52,0.0,0,0,1,0,23,1638.31,234.04,1.0,-0.612,0.0,0.0,1.0,1,0,5.0,97.91,1,1,0,19.58,15,0.341,0,3,12,0.0,0.8,0.2,0,1,0,6.2,6700,88.4,0,0,1,0,5.6000000000000005,5053.285714285715,83.52857142857144,1,0.8822709675608124,0.3005
2025-05-24,5,299.25,67.77,0.0,0.0,0.0,0.0,231.48,0.0,0,0,1,1,24,1780.41,254.34,1.0,0.691,1.0,0.0,0.0,0,1,3.0,67.77,1,1,1,22.59,20,0.342,0,6,14,0.0,0.7,0.3,0,0,1,5.3,4552,77.3,1,0,1,1,5.542857142857143,4961.714285714285,82.42857142857143,1,0.933736982650813,0.316
2025-05-25,7,266.53,49.42,0.0,0.0,41.7,0.0,175.41,0.0,0,1,1,1,25,1941.38,277.34,1.0,0.296,1.0,0.0,0.0,0,1,4.0,49.42,1,0,1,12.36,15,0.365,0,7,8,0.0,0.533,0.467,0,0,1,5.6,5480,89.2,1,0,1,1,5.542857142857143,4869.714285714285,84.41428571428571,0,0.8139263019215851,0.35255000000000003
2025-05-26,7,201.7,136.0,0.0,0.0,0.0,65.7,0.0,0.0,1,0,0,0,26,1937.11,276.73,1.0,0.296,1.0,0.0,0.0,0,0,6.0,136.0,1,1,1,22.67,10,0.33,0,4,6,0.0,0.6,0.4,0,0,1,4.8,6019,82.6,1,0,1,1,5.471428571428572,5060.142857142857,84.22857142857143,1,1.065752165346256,0.325
2025-05-27,8,279.85,169.7,0.0,0.0,0.0,0.0,110.15,0.0,0,0,0,0,27,1934.16,276.31,2.0,-0.306,0.0,1.0,1.0,1,0,6.0,169.7,1,1,0,28.28,19,0.344,0,6,13,0.0,0.684,0.316,0,0,1,4.6,3436,78.7,1,1,1,1,5.242857142857142,4908.428571428572,83.87142857142858,1,1.79901942303534,0.3194
2025-05-28,6,183.29,134.82,0.0,0.0,0.0,48.47,0.0,0.0,1,0,0,0,28,1914.01,273.43,2.0,-0.525,0.0,0.0,2.0,1,0,5.0,134.82,1,1,1,26.96,17,0.368,0,8,9,0.0,0.529,0.471,0,0,1,6.0,3700,87.2,0,1,1,1,5.328571428571428,4876.428571428572,84.12857142857142,1,1.6994199624374455,0.35465
2025-05-29,8,235.83,52.49,0.0,0.0,0.0,0.0,183.34,0.0,0,0,1,0,29,1772.18,253.17,2.0,-0.525,0.0,0.0,2.0,0,0,5.0,52.49,1,0,0,10.5,18,0.355,0,4,14,0.0,0.778,0.222,0,1,0,5.3,6810,85.7,1,0,1,1,5.4,5242.428571428572,84.15714285714286,1,1.404655656394067,0.31079999999999997
2025-05-30,7,269.38,102.86,0.0,0.0,0.0,0.0,166.52,0.0,0,0,1,0,30,1735.83,247.98,1.0,-0.794,0.0,0.0,1.0,1,0,6.0,102.86,1,1,1,17.14,15,0.326,0,4,11,0.0,0.733,0.267,0,1,0,5.3,5282,82.7,1,0,1,1,5.271428571428571,5039.857142857143,83.34285714285714,1,2.0757044304180385,0.30305000000000004
2025-05-31,10,205.87,135.33,70.54,0.0,0.0,0.0,0.0,0.0,0,0,0,1,31,1642.45,234.64,3.0,0.044,1.0,1.0,1.0,1,1,8.0,135.33,1,1,0,16.92,10,0.318,0,2,8,0.0,0.8,0.2,0,1,0,5.6,5478,77.5,1,0,1,1,5.314285714285714,5172.142857142857,83.37142857142858,0,1.173728458587694,0.28900000000000003
2025-06-01,9,339.64,59.12,0.0,0.0,0.0,51.27,229.25,0.0,1,0,1,1,1,1715.56,245.08,1.0,0.459,1.0,0.0,0.0,0,1,5.0,59.12,0,1,1,11.82,17,0.636,12,5,0,0.706,0.0,0.294,1,0,0,7.8,8932,71.4,0,0,0,0,5.628571428571428,5665.285714285715,80.82857142857142,0,-1.2408716442896919,0.6738999999999999
2025-06-02,7,64.54,27.46,0.0,23.26,0.0,0.0,13.82,0.0,0,0,0,0,2,1578.4,225.49,1.0,0.459,1.0,0.0,0.0,0,0,5.0,27.46,0,0,0,5.49,20,0.653,14,6,0,0.7,0.0,0.3,1,0,0,6.6,10505,70.2,0,0,0,0,5.885714285714286,6306.142857142857,79.05714285714286,0,-1.6012083588420598,0.6815
2025-06-03,6,106.49,75.19,0.0,0.0,0.0,0.0,31.3,0.0,0,0,0,0,3,1405.04,200.72,1.0,0.691,1.0,0.0,0.0,0,1,5.0,75.19,0,0,0,15.04,20,0.656,13,7,0,0.65,0.0,0.35,1,0,0,7.8,7242,70.6,0,0,0,0,6.342857142857143,6849.857142857143,77.89999999999999,1,-1.7910470109169117,0.6755
2025-06-04,7,144.76,87.95,0.0,0.0,38.65,0.0,18.16,0.0,0,1,0,0,4,1366.51,195.22,2.0,0.166,1.0,0.0,1.0,1,1,5.0,87.95,0,0,0,17.59,20,0.624,11,9,0,0.55,0.0,0.45,1,0,0,8.3,9731,67.7,0,0,0,0,6.671428571428572,7711.428571428572,75.11428571428571,1,-1.4268124234622646,0.6445000000000001
2025-06-05,8,123.85,96.0,27.85,0.0,0.0,0.0,0.0,0.0,0,0,0,0,5,1254.53,179.22,1.0,0.0,0.0,1.0,0.0,0,0,7.0,96.0,0,1,0,13.71,13,0.66,8,5,0,0.615,0.0,0.385,1,0,0,7.4,7850,66.4,0,0,0,0,6.971428571428572,7860.0,72.35714285714286,0,-1.1250462858464643,0.67225
2025-06-06,8,175.74,55.66,36.7,0.0,34.98,0.0,48.4,0.0,0,1,0,0,6,1160.89,165.84,1.0,-0.273,0.0,0.0,1.0,1,0,4.0,55.66,0,1,0,13.92,12,0.602,5,7,0,0.417,0.0,0.583,1,0,0,6.3,9565,62.8,0,0,0,0,7.114285714285714,8471.857142857143,69.51428571428572,0,-0.5748076550179771,0.61355
2025-06-07,9,326.09,99.28,119.59,0.0,39.49,67.73,0.0,0.0,1,1,0,1,7,1281.11,183.02,2.0,0.198,1.0,0.0,1.0,1,1,5.0,99.28,0,1,1,19.86,19,0.653,15,4,0,0.789,0.0,0.211,1,0,0,8.4,9974,71.6,0,0,0,0,7.514285714285715,9114.142857142857,68.67142857142858,1,-1.1029899722826664,0.6948500000000001
2025-06-08,6,186.29,50.32,111.8,0.0,0.0,0.0,24.17,0.0,0,0,0,1,8,1127.76,161.11,1.0,0.0,0.0,1.0,0.0,0,0,2.0,50.32,0,1,1,25.16,16,0.634,10,6,0,0.625,0.0,0.375,1,0,0,6.9,7028,66.9,0,0,0,0,7.385714285714286,8842.142857142857,68.02857142857142,0,-0.7010125363481315,0.66075
2025-06-09,8,236.11,70.18,116.16,0.0,0.0,0.0,49.77,0.0,0,0,0,0,9,1299.33,185.62,2.0,-0.026,0.0,1.0,1.0,1,0,5.0,70.18,0,1,1,14.04,17,0.649,12,5,0,0.706,0.0,0.294,1,0,0,8.3,8088,64.2,0,0,0,0,7.628571428571429,8496.857142857143,67.17142857142856,0,-0.9596815805125917,0.6804
2025-06-10,11,382.43,156.97,0.0,0.0,32.77,91.92,100.77,0.0,1,1,0,0,10,1575.27,225.04,1.0,0.852,1.0,0.0,0.0,0,1,6.0,156.97,0,1,1,26.16,12,0.672,8,4,0,0.667,0.0,0.333,1,0,0,7.4,10033,70.4,0,0,0,0,7.571428571428571,8895.57142857143,67.14285714285715,1,-1.6927660308544648,0.68605
2025-06-11,11,406.79,92.38,33.54,0.0,0.0,0.0,280.87,0.0,0,0,1,0,11,1837.3,262.47,1.0,0.318,1.0,0.0,0.0,0,1,6.0,92.38,0,1,1,15.4,18,0.643,14,4,0,0.778,0.0,0.222,1,0,0,8.4,8242,65.2,0,0,0,0,7.585714285714287,8682.857142857143,66.78571428571429,0,-1.3884781575203782,0.6882
2025-06-12,4,72.98,50.25,0.0,0.0,0.0,0.0,22.73,0.0,0,0,0,0,12,1786.43,255.2,1.0,0.625,1.0,0.0,0.0,0,1,3.0,50.25,0,1,0,16.75,15,0.639,10,5,0,0.667,0.0,0.333,1,0,0,6.3,7730,66.8,0,0,0,0,7.428571428571429,8665.714285714286,66.84285714285714,0,-1.3778351180078308,0.6695500000000001
2025-06-13,9,447.54,82.14,0.0,0.0,0.0,47.01,318.39,0.0,1,0,1,0,13,2058.23,294.03,1.0,-0.273,0.0,0.0,1.0,1,0,4.0,82.14,0,0,1,20.54,16,0.649,10,6,0,0.625,0.0,0.375,1,0,0,6.8,8667,69.9,0,0,0,0,7.5,8537.42857142857,67.85714285714286,1,-0.5101878782566759,0.66825
2025-06-14,9,214.76,105.29,50.83,0.0,0.0,0.0,58.64,0.0,0,0,0,1,14,1946.9,278.13,1.0,-0.273,0.0,0.0,1.0,0,0,6.0,105.29,0,1,1,17.55,11,0.653,8,3,0,0.727,0.0,0.273,1,0,0,6.0,9016,66.2,0,0,0,0,7.157142857142857,8400.57142857143,67.08571428571429,1,-0.490238499381661,0.68555
2025-06-15,5,1013.08,94.64,0.0,0.0,0.0,0.0,918.44,0.0,0,0,1,1,15,2773.69,396.24,2.0,-0.181,0.0,1.0,1.0,1,0,3.0,94.64,0,1,1,31.55,18,0.617,11,7,0,0.611,0.0,0.389,1,0,0,6.7,7184,64.1,0,0,0,0,7.128571428571428,8422.857142857143,66.68571428571428,1,-0.36049985884644475,0.65015
2025-06-16,6,187.21,85.14,0.0,0.0,0.0,0.0,102.07,0.0,0,0,1,0,16,2724.79,389.26,1.0,0.0,0.0,1.0,0.0,0,0,5.0,85.14,0,0,1,17.03,15,0.633,7,8,0,0.467,0.0,0.533,1,0,0,8.3,9588,62.3,0,0,0,0,7.128571428571429,8637.142857142857,66.41428571428573,0,-1.2794180985001835,0.6365500000000001
2025-06-17,8,188.24,106.9,0.0,0.0,13.4,0.0,67.94,0.0,0,1,0,0,17,2530.6,361.51,1.0,0.0,0.0,1.0,0.0,0,0,5.0,106.9,0,1,0,21.38,14,0.66,12,2,0,0.857,0.0,0.143,1,0,0,6.8,9419,62.6,0,0,0,0,7.042857142857143,8549.42857142857,65.3,0,-1.1211908465509637,0.70855
2025-06-18,7,159.66,75.58,0.0,0.0,0.0,23.96,60.12,0.0,1,0,0,0,18,2283.47,326.21,1.0,0.0,0.0,1.0,0.0,0,0,4.0,75.58,0,1,0,18.9,19,0.658,13,6,0,0.684,0.0,0.316,1,0,0,6.2,8809,71.8,0,0,0,0,6.728571428571428,8630.42857142857,66.24285714285715,0,-0.8545730790536545,0.6816
2025-06-19,8,233.22,99.27,57.04,0.0,0.0,0.0,76.91,0.0,0,0,0,0,19,2443.71,349.1,1.0,-0.44,0.0,0.0,1.0,1,0,6.0,99.27,0,1,1,16.54,15,0.666,9,6,0,0.6,0.0,0.4,1,0,0,6.3,10287,63.0,0,0,0,0,6.728571428571429,8995.714285714286,65.7,1,-0.450252909113501,0.673
2025-06-20,11,297.09,120.6,0.0,0.0,67.66,0.0,108.83,0.0,0,1,0,0,20,2293.26,327.61,1.0,-0.422,0.0,0.0,1.0,1,0,7.0,120.6,0,0,1,17.23,15,0.631,9,6,0,0.6,0.0,0.4,1,0,0,6.7,10246,66.9,0,0,0,0,6.714285714285714,9221.285714285714,65.27142857142857,1,-0.5587493574525988,0.6555
2025-06-21,11,274.15,150.99,0.0,12.53,0.0,88.41,22.22,0.0,1,0,0,1,21,2352.65,336.09,1.0,-0.422,0.0,0.0,1.0,0,0,8.0,150.99,1,1,1,18.87,14,0.64,10,4,0,0.714,0.0,0.286,1,0,0,6.2,8110,60.9,0,0,0,0,6.742857142857142,9091.857142857143,64.5142857142857,1,-0.20744160589846958,0.6771
2025-06-22,9,824.19,66.97,0.0,0.0,0.0,0.0,757.22,0.0,0,0,1,1,22,2163.76,309.11,1.0,0.0,0.0,1.0,0.0,0,0,4.0,66.97,0,0,0,16.74,16,0.658,11,5,0,0.688,0.0,0.312,1,0,0,6.4,8868,63.6,0,0,0,0,6.7,9332.42857142857,64.44285714285715,0,-1.032699343879045,0.6822
2025-06-23,7,192.77,74.28,27.18,0.0,0.0,0.0,91.31,0.0,0,0,0,0,23,2169.32,309.9,1.0,0.0,0.0,1.0,0.0,0,0,4.0,74.28,0,1,0,18.57,12,0.628,7,5,0,0.583,0.0,0.417,1,0,0,6.4,7414,60.9,0,0,0,0,6.428571428571429,9021.857142857143,64.24285714285715,0,-0.8564833628903874,0.65145
2025-06-24,8,410.7,64.16,0.0,0.0,0.0,0.0,346.54,0.0,0,0,1,0,24,2391.78,341.68,1.0,0.318,1.0,0.0,0.0,0,1,4.0,64.16,0,0,1,16.04,10,0.677,7,3,0,0.7,0.0,0.3,1,0,0,7.9,10386,68.8,0,0,0,0,6.585714285714286,9160.0,65.12857142857142,1,-1.5977152441735991,0.6935
2025-06-25,11,300.25,79.49,66.59,0.0,0.0,0.0,154.17,0.0,0,0,0,0,25,2532.37,361.77,1.0,0.318,1.0,0.0,0.0,0,0,7.0,79.49,0,0,1,11.36,15,0.682,10,5,0,0.667,0.0,0.333,1,0,0,6.5,7560,60.9,0,0,0,0,6.628571428571429,8981.57142857143,63.57142857142857,1,-1.1710337700045241,0.69105
2025-06-26,11,629.48,125.26,96.86,0.0,0.0,97.02,310.34,0.0,1,0,1,0,26,2928.63,418.38,1.0,-0.051,0.0,0.0,1.0,1,0,6.0,125.26,0,0,0,20.88,20,0.604,9,11,0,0.45,0.0,0.55,1,0,0,8.5,8210,61.9,0,0,0,0,6.942857142857143,8684.857142857143,63.41428571428571,1,-1.0360107421526423,0.6194999999999999
2025-06-27,7,202.7,76.16,65.49,0.0,0.0,0.0,61.05,0.0,0,0,0,0,27,2834.24,404.89,1.0,-0.051,0.0,0.0,1.0,1,0,3.0,76.16,0,1,1,25.39,18,0.643,12,6,0,0.667,0.0,0.333,1,0,0,6.4,10618,69.4,0,0,0,0,6.9,8738.0,63.77142857142858,1,-0.7554998748622349,0.6715500000000001
2025-06-28,12,406.22,114.65,0.0,98.65,0.0,0.0,192.92,0.0,0,0,1,1,28,2966.31,423.76,2.0,0.372,1.0,1.0,0.0,0,1,7.0,114.65,0,1,1,16.38,17,0.662,11,6,0,0.647,0.0,0.353,1,0,0,6.5,8340,66.1,0,0,0,0,6.942857142857143,8770.857142857143,64.5142857142857,1,-1.065539387370942,0.67805
2025-06-29,11,197.31,166.29,0.0,0.0,31.02,0.0,0.0,0.0,0,1,0,1,29,2339.43,334.2,2.0,0.372,1.0,1.0,0.0,0,0,10.0,166.29,0,1,1,16.63,20,0.632,11,9,0,0.55,0.0,0.45,1,0,0,7.3,9637,67.4,0,0,0,0,7.071428571428572,8880.714285714286,65.05714285714286,1,-1.2365185235604212,0.6485000000000001
2025-06-30,11,308.18,138.18,110.29,0.0,0.0,0.0,59.71,0.0,0,0,0,0,30,2454.84,350.69,1.0,-0.422,0.0,0.0,1.0,1,0,6.0,138.18,0,1,1,23.03,10,0.677,8,2,0,0.8,0.0,0.2,1,0,0,7.4,9283,61.4,0,0,0,0,7.214285714285714,9147.714285714286,65.12857142857142,0,-0.6160068874989184,0.7085000000000001
2025-07-01,11,350.44,187.77,0.0,0.0,0.0,162.67,0.0,0.0,1,0,0,0,1,2394.58,342.08,1.0,-0.422,0.0,0.0,1.0,0,0,9.0,187.77,0,1,1,20.86,19,0.652,13,6,0,0.684,0.0,0.316,1,0,0,6.3,8507,65.5,0,0,0,0,6.985714285714286,8879.285714285714,64.65714285714286,0,-0.34365611570157467,0.6786000000000001
2025-07-02,10,362.41,139.74,0.0,16.07,0.0,0.0,206.6,0.0,0,0,1,0,2,2456.74,350.96,2.0,0.0,0.0,2.0,0.0,0,0,5.0,139.74,0,1,1,27.95,17,0.624,10,7,0,0.588,0.0,0.412,1,0,0,7.0,9057,62.0,0,0,0,0,7.057142857142857,9093.142857142857,64.81428571428572,1,-0.9026441411988714,0.6502
2025-07-03,9,413.64,81.68,121.1,48.32,0.0,0.0,162.54,0.0,0,0,1,0,3,2240.9,320.13,2.0,0.459,2.0,0.0,0.0,0,1,5.0,81.68,0,1,1,16.34,12,0.649,9,3,0,0.75,0.0,0.25,1,0,0,7.3,8839,68.6,0,0,0,0,6.885714285714286,9183.0,65.77142857142857,0,-1.354957665009806,0.687
2025-07-04,5,98.69,70.09,28.6,0.0,0.0,0.0,0.0,0.0,0,0,0,0,4,2136.89,305.27,1.0,0.0,0.0,1.0,0.0,0,0,4.0,70.09,0,0,1,17.52,10,0.664,8,2,0,0.8,0.0,0.2,1,0,0,6.6,7881,68.4,0,0,0,0,6.914285714285714,8792.0,65.62857142857142,0,-0.9225584477816616,0.7020000000000001
2025-07-05,6,135.79,100.28,0.0,0.0,0.0,0.0,35.51,0.0,0,0,0,1,5,1866.46,266.64,1.0,-0.361,0.0,0.0,1.0,1,0,4.0,100.28,0,1,1,25.07,18,0.657,13,5,0,0.722,0.0,0.278,1,0,0,7.3,8630,68.4,0,0,0,0,7.028571428571429,8833.42857142857,65.95714285714287,1,-0.4961769573907298,0.6868000000000001
2025-07-06,8,268.29,59.61,0.0,0.0,23.52,0.0,185.16,0.0,0,1,1,1,6,1937.44,276.78,2.0,0.0,0.0,2.0,0.0,0,0,5.0,59.61,0,0,0,11.92,14,0.633,7,7,0,0.5,0.0,0.5,1,0,0,7.0,10711,70.1,0,0,0,0,6.985714285714286,8986.857142857143,66.34285714285714,1,-1.2134694492371247,0.6415
2025-07-07,11,273.88,75.34,15.97,79.67,0.0,0.0,102.9,0.0,0,0,0,0,7,1903.14,271.88,1.0,0.0,0.0,1.0,0.0,0,0,6.0,75.34,0,1,1,12.56,19,0.626,10,9,0,0.526,0.0,0.474,1,0,0,6.4,10237,63.6,0,0,0,0,6.842857142857143,9123.142857142857,66.65714285714286,0,-0.8769929031232488,0.6419
2025-07-08,10,268.33,105.46,71.95,0.0,17.39,39.12,34.41,0.0,1,1,0,0,8,1821.03,260.15,1.0,0.0,0.0,1.0,0.0,0,0,5.0,105.46,0,1,0,21.09,10,0.646,5,5,0,0.5,0.0,0.5,1,0,0,6.3,9541,64.6,0,0,0,0,6.842857142857143,9270.857142857143,66.52857142857142,1,-0.8977024453277364,0.648
2025-07-09,6,180.23,89.61,0.0,0.0,0.0,0.0,90.62,0.0,0,0,0,0,9,1638.85,234.12,1.0,0.0,0.0,1.0,0.0,0,0,4.0,89.61,0,1,1,22.4,13,0.663,9,4,0,0.692,0.0,0.308,1,0,0,6.9,10520,69.8,0,0,0,0,6.828571428571429,9479.857142857143,67.64285714285714,0,-1.055712811191314,0.6853
2025-07-10,6,442.03,43.75,0.0,0.0,57.05,0.0,341.23,0.0,0,1,1,0,10,1667.24,238.18,1.0,0.0,0.0,1.0,0.0,0,0,3.0,43.75,0,1,1,14.58,19,0.617,10,9,0,0.526,0.0,0.474,1,0,0,6.1,7509,71.3,0,0,0,0,6.657142857142857,9289.857142857143,68.02857142857142,0,-0.6265146166555186,0.6374
2025-07-11,8,139.05,62.27,35.68,0.0,0.0,0.0,41.1,0.0,0,0,0,0,11,1707.6,243.94,2.0,0.0,0.0,2.0,0.0,0,0,5.0,62.27,0,0,1,12.45,16,0.621,9,7,0,0.562,0.0,0.438,1,0,0,7.4,8298,63.5,0,0,0,0,6.771428571428572,9349.42857142857,67.32857142857142,0,-1.010719677971422,0.6448
2025-07-12,6,272.69,102.95,0.0,39.18,0.0,0.0,130.56,0.0,0,0,1,1,12,1844.5,263.5,2.0,-0.077,1.0,0.0,1.0,1,1,4.0,102.95,0,0,1,25.74,18,0.631,11,7,0,0.611,0.0,0.389,1,0,0,8.4,9044,68.9,0,0,0,0,6.928571428571429,9408.57142857143,67.4,0,-0.9885899986870182,0.65715
2025-07-13,7,152.41,93.76,0.0,0.0,0.0,0.0,58.65,0.0,0,0,0,1,13,1728.62,246.95,1.0,-0.611,0.0,0.0,1.0,1,0,6.0,93.76,0,0,1,15.63,12,0.679,8,4,0,0.667,0.0,0.333,1,0,0,7.5,10178,70.2,0,0,0,0,7.0,9332.42857142857,67.41428571428571,1,-0.5693235846698542,0.6895500000000001
2025-07-14,9,357.76,112.18,0.0,21.5,0.0,0.0,224.08,0.0,0,0,1,0,14,1812.5,258.93,1.0,-0.612,0.0,0.0,1.0,1,0,6.0,112.18,0,1,1,18.7,15,0.651,10,5,0,0.667,0.0,0.333,1,0,0,7.5,8929,61.7,0,0,0,0,7.1571428571428575,9145.57142857143,67.14285714285714,1,-0.4096380358399339,0.6755500000000001
2025-07-15,10,170.44,63.37,71.91,0.0,16.14,0.0,19.02,0.0,0,1,0,0,15,1714.61,244.94,1.0,0.0,0.0,1.0,0.0,0,0,5.0,63.37,0,0,1,12.67,10,0.69,8,2,0,0.8,0.0,0.2,1,0,0,7.5,7949,67.7,0,0,0,0,7.328571428571429,8918.142857142857,67.58571428571429,1,-1.137545126109899,0.7150000000000001
2025-07-16,5,116.15,2.42,15.55,0.0,0.0,0.0,98.18,0.0,0,0,0,0,16,1650.53,235.79,1.0,0.0,0.0,1.0,0.0,0,0,1.0,2.42,0,0,0,2.42,12,0.65,8,4,0,0.667,0.0,0.333,1,0,0,7.7,8927,63.6,0,0,0,0,7.442857142857143,8690.57142857143,66.7,0,-1.322793149325698,0.67505
2025-07-17,6,97.0,76.74,0.0,0.0,0.0,0.0,20.26,0.0,0,0,0,0,17,1305.5,186.5,2.0,-0.35,0.0,1.0,1.0,1,0,5.0,76.74,0,1,1,15.35,14,0.629,7,7,0,0.5,0.0,0.5,1,0,0,7.5,7073,69.2,0,0,0,0,7.642857142857144,8628.285714285714,66.4,1,-0.4538260136251244,0.6395
2025-07-18,9,261.19,115.44,75.95,69.8,0.0,0.0,0.0,0.0,0,0,0,0,18,1427.64,203.95,2.0,-0.306,0.0,1.0,1.0,1,0,6.0,115.44,0,0,1,19.24,16,0.649,9,7,0,0.562,0.0,0.438,1,0,0,8.2,9686,69.7,0,0,0,0,7.757142857142857,8826.57142857143,67.28571428571429,1,-0.9165814196893757,0.6588
2025-07-19,4,209.67,45.99,0.0,0.0,0.0,0.0,163.68,0.0,0,0,1,1,19,1364.62,194.95,1.0,0.758,1.0,0.0,0.0,0,1,2.0,45.99,0,1,1,23.0,14,0.646,9,5,0,0.643,0.0,0.357,1,0,0,7.6,8609,66.8,0,0,0,0,7.642857142857143,8764.42857142857,66.98571428571428,0,-1.5563561792654985,0.6694500000000001
2025-07-20,5,143.18,69.6,46.45,0.0,0.0,0.0,27.13,0.0,0,0,0,1,20,1355.39,193.63,1.0,0.625,1.0,0.0,0.0,0,1,3.0,69.6,0,0,1,23.2,13,0.643,8,5,0,0.615,0.0,0.385,1,0,0,8.2,9758,69.8,0,0,0,0,7.742857142857142,8704.42857142857,66.92857142857143,0,-1.719987025231038,0.6637500000000001
2025-07-21,8,300.8,57.44,74.94,0.0,0.0,0.0,168.42,0.0,0,0,1,0,21,1298.43,185.49,1.0,0.625,1.0,0.0,0.0,0,0,4.0,57.44,0,1,1,14.36,13,0.659,10,3,0,0.769,0.0,0.231,1,0,0,6.8,10549,68.4,0,0,0,0,7.642857142857143,8935.857142857143,67.88571428571429,1,-1.5294783053577197,0.6948500000000001
2025-07-22,7,228.15,101.39,58.9,0.0,14.59,53.27,0.0,0.0,1,1,0,0,22,1356.14,193.73,1.0,0.625,1.0,0.0,0.0,0,0,4.0,101.39,0,0,1,25.35,20,0.642,15,5,0,0.75,0.0,0.25,1,0,0,6.8,9027,60.9,0,0,0,0,7.542857142857143,9089.857142857143,66.91428571428571,1,-1.3736430624148874,0.6835
2025-07-23,5,285.7,36.99,0.0,0.0,0.0,0.0,248.71,0.0,0,0,1,0,23,1525.69,217.96,2.0,0.377,2.0,0.0,0.0,0,1,2.0,36.99,0,0,0,18.5,15,0.647,11,4,0,0.733,0.0,0.267,1,0,0,6.6,7119,63.2,0,0,0,0,7.385714285714285,8831.57142857143,66.85714285714286,0,-1.301471162219194,0.68345
2025-07-24,11,346.62,149.79,0.0,0.0,0.0,54.65,142.18,0.0,1,0,0,0,24,1775.31,253.62,1.0,0.0,0.0,1.0,0.0,0,0,7.0,149.79,0,1,1,21.4,16,0.658,13,3,0,0.812,0.0,0.188,1,0,0,7.8,7234,63.6,0,0,0,0,7.428571428571428,8854.57142857143,66.05714285714285,0,-0.8750938404757571,0.7008000000000001
2025-07-25,5,109.34,33.38,0.0,0.0,59.94,0.0,16.02,0.0,0,1,0,0,25,1623.46,231.92,1.0,0.0,0.0,1.0,0.0,0,0,3.0,33.38,0,0,1,11.13,10,0.615,5,5,0,0.5,0.0,0.5,1,0,0,7.7,7919,69.3,0,0,0,0,7.357142857142857,8602.142857142857,66.0,1,-1.027880887422735,0.6325000000000001
2025-07-26,6,103.37,65.43,37.94,0.0,0.0,0.0,0.0,0.0,0,0,0,1,26,1517.16,216.74,1.0,0.0,0.0,1.0,0.0,0,0,5.0,65.43,0,0,1,13.09,11,0.598,5,6,0,0.455,0.0,0.545,1,0,0,6.7,8134,71.9,0,0,0,0,7.228571428571428,8534.285714285714,66.72857142857143,0,-0.7616232706616347,0.6172500000000001
2025-07-27,5,481.81,44.69,0.0,0.0,0.0,0.0,437.12,0.0,0,0,1,1,27,1855.79,265.11,1.0,0.0,0.0,1.0,0.0,0,0,3.0,44.69,0,0,1,14.9,19,0.648,14,5,0,0.737,0.0,0.263,1,0,0,6.7,8793,69.7,0,0,0,0,7.014285714285714,8396.42857142857,66.71428571428571,1,-0.9006392210248577,0.68455
2025-07-28,8,158.23,121.84,0.0,0.0,36.39,0.0,0.0,0.0,0,1,0,0,28,1713.22,244.75,1.0,0.0,0.0,1.0,0.0,0,0,7.0,121.84,0,1,1,17.41,11,0.621,6,5,0,0.545,0.0,0.455,1,0,0,6.5,8848,60.9,0,0,0,0,6.971428571428571,8153.428571428572,65.64285714285714,1,-0.7938147911131244,0.64225
2025-07-29,3,115.56,16.22,78.54,0.0,0.0,0.0,20.8,0.0,0,0,0,0,29,1600.63,228.66,1.0,0.0,0.0,1.0,0.0,0,0,1.0,16.22,0,0,0,16.22,15,0.643,7,8,0,0.467,0.0,0.533,1,0,0,7.9,9866,64.3,0,0,0,0,7.128571428571428,8273.285714285714,66.12857142857142,0,-1.4069827216349697,0.6415500000000001
2025-07-30,6,126.18,111.84,0.0,0.0,0.0,0.0,14.34,0.0,0,0,0,0,30,1441.11,205.87,1.0,0.0,0.0,1.0,0.0,0,0,5.0,111.84,0,1,1,22.37,13,0.655,9,4,0,0.692,0.0,0.308,1,0,0,7.2,10556,70.8,0,0,0,0,7.214285714285714,8764.285714285714,67.21428571428571,1,-1.0963822312020755,0.6813
2025-07-31,9,447.72,97.51,0.0,0.0,0.0,0.0,350.21,0.0,0,0,1,0,31,1542.21,220.32,1.0,0.0,0.0,1.0,0.0,0,0,5.0,97.51,0,1,1,19.5,16,0.621,9,7,0,0.562,0.0,0.438,1,0,0,6.6,10199,65.4,0,0,0,0,7.042857142857144,9187.857142857143,67.47142857142858,0,-0.9006598256430214,0.6448
2025-08-01,11,249.38,63.08,17.58,0.0,21.53,0.0,147.19,0.0,0,1,0,0,1,1682.25,240.32,2.0,0.12,1.0,0.0,1.0,1,1,6.0,63.08,1,0,1,10.51,15,0.325,0,3,12,0.0,0.8,0.2,0,1,0,6.4,3510,85.8,0,1,1,1,6.857142857142857,8558.0,69.82857142857142,0,1.0932041799809762,0.2925
2025-08-02,3,230.22,13.65,0.0,0.0,0.0,66.93,149.64,0.0,1,0,1,1,2,1809.1,258.44,1.0,0.0,0.0,1.0,0.0,0,0,1.0,13.65,1,0,1,13.65,11,0.345,0,4,7,0.0,0.636,0.364,0,0,1,5.9,4717,78.1,1,0,1,1,6.742857142857143,8069.857142857143,70.71428571428571,0,1.169288247703871,0.3271
2025-08-03,11,347.78,130.61,0.0,41.07,0.0,0.0,176.1,0.0,0,0,1,1,3,1675.07,239.3,2.0,-0.391,0.0,0.0,2.0,1,0,7.0,130.61,1,0,1,18.66,10,0.329,0,2,8,0.0,0.8,0.2,0,1,0,6.1,6304,78.2,0,0,1,0,6.6571428571428575,7714.285714285715,71.92857142857142,1,0.7897305726601797,0.2945
2025-08-04,7,369.12,68.5,61.72,0.0,26.82,0.0,212.08,0.0,0,1,1,0,4,1885.96,269.42,1.0,0.758,1.0,0.0,0.0,0,1,3.0,68.5,1,1,1,22.83,19,0.314,0,3,16,0.0,0.842,0.158,0,1,0,6.2,5293,87.6,0,0,1,0,6.614285714285714,7206.428571428572,75.74285714285713,0,0.08149332027768509,0.2807
2025-08-05,7,369.46,67.5,78.45,0.0,0.0,0.0,36.48,187.03,0,0,1,0,5,2139.86,305.69,1.0,0.718,1.0,0.0,0.0,0,1,4.0,67.5,1,0,0,16.88,10,0.328,0,2,8,0.0,0.8,0.2,0,1,0,5.1,3152,80.2,1,1,1,1,6.214285714285714,6247.285714285715,78.01428571428572,1,0.5606606848092154,0.29400000000000004
2025-08-06,13,743.34,154.24,117.62,0.0,0.0,0.0,471.48,0.0,0,0,1,0,6,2757.02,393.86,2.0,0.0,0.0,2.0,0.0,0,0,8.0,154.24,1,1,1,19.28,15,0.359,0,7,8,0.0,0.533,0.467,0,0,1,5.2,3390,80.6,1,1,1,1,5.928571428571429,5223.571428571428,79.41428571428571,1,1.2931526922783854,0.34955
2025-08-07,10,470.95,74.54,0.0,0.0,0.0,34.57,361.84,0.0,1,0,1,0,7,2780.25,397.18,2.0,-0.254,1.0,0.0,1.0,1,1,5.0,74.54,1,1,1,14.91,10,0.351,0,3,7,0.0,0.7,0.3,0,0,1,4.8,5113,89.5,1,0,1,1,5.671428571428571,4497.0,82.85714285714286,1,1.691979194136423,0.3205
2025-08-08,8,304.98,50.28,0.0,0.0,0.0,0.0,254.7,0.0,0,0,1,0,8,2835.85,405.12,2.0,-0.441,0.0,0.0,2.0,1,0,6.0,50.28,1,0,0,8.38,19,0.366,0,9,10,0.0,0.526,0.474,0,0,1,4.5,5228,89.7,1,0,1,1,5.4,4742.428571428572,83.41428571428571,0,1.5803275450266925,0.35409999999999997
2025-08-09,8,241.12,60.14,74.97,0.0,0.0,69.41,36.6,0.0,1,0,0,1,9,2846.75,406.68,2.0,-0.111,1.0,0.0,1.0,1,1,5.0,60.14,1,1,1,12.03,16,0.346,0,3,13,0.0,0.812,0.188,0,1,0,5.4,3857,82.6,1,1,1,1,5.328571428571428,4619.571428571428,84.05714285714285,1,1.8156372912312597,0.3012
2025-08-10,4,107.75,59.07,0.0,0.0,0.0,0.0,48.68,0.0,0,0,0,1,10,2606.72,372.39,2.0,0.148,1.0,1.0,0.0,0,1,3.0,59.07,1,0,1,19.69,13,0.357,0,3,10,0.0,0.769,0.231,0,0,1,5.1,3239,83.4,1,1,1,1,5.185714285714285,4181.714285714285,84.8,0,1.2449625904806283,0.31315000000000004
2025-08-11,4,98.59,59.88,0.0,0.0,38.71,0.0,0.0,0.0,0,1,0,0,11,2336.19,333.74,2.0,0.148,1.0,1.0,0.0,0,0,3.0,59.88,1,1,1,19.96,15,0.34,0,4,11,0.0,0.733,0.267,0,1,0,6.1,4048,75.3,0,0,1,0,5.171428571428572,4003.857142857143,83.04285714285713,0,0.46447925116045746,0.31005000000000005
2025-08-12,10,298.45,106.89,0.0,25.64,0.0,57.95,107.97,0.0,1,0,1,0,12,2265.18,323.6,1.0,0.0,0.0,1.0,0.0,0,0,7.0,106.89,1,0,1,15.27,15,0.333,0,6,9,0.0,0.6,0.4,0,0,1,5.7,6125,88.2,1,0,1,1,5.257142857142857,4428.571428571428,84.18571428571428,1,1.127014770514444,0.3265
2025-08-13,7,518.33,55.57,0.0,0.0,0.0,0.0,189.41,273.35,0,0,1,0,13,2040.17,291.45,1.0,0.103,1.0,0.0,0.0,0,1,2.0,55.57,1,0,1,27.78,18,0.364,0,8,10,0.0,0.556,0.444,0,0,1,5.7,3787,84.9,1,1,1,1,5.328571428571428,4485.285714285715,84.8,1,1.0548474306542128,0.3486
2025-08-14,7,659.72,71.2,0.0,0.0,0.0,40.11,174.93,373.48,1,0,1,0,14,2228.94,318.42,1.0,0.0,0.0,1.0,0.0,0,0,4.0,71.2,1,1,0,17.8,18,0.352,0,6,12,0.0,0.667,0.333,0,0,1,5.3,6942,77.2,1,0,1,1,5.4,4746.571428571428,83.04285714285713,1,1.1306351330810351,0.32595
2025-08-15,7,180.15,45.6,0.0,25.95,10.28,49.03,49.29,0.0,1,1,0,0,15,2104.11,300.59,3.0,0.122,1.0,0.0,2.0,1,1,2.0,45.6,1,1,0,22.8,14,0.372,0,7,7,0.0,0.5,0.5,0,0,1,6.1,3248,79.3,0,1,1,1,5.628571428571428,4463.714285714285,81.55714285714285,0,0.9661664211783851,0.361
2025-08-16,6,283.67,65.97,0.0,0.0,0.0,0.0,217.7,0.0,0,0,1,1,16,2146.66,306.67,1.0,0.459,1.0,0.0,0.0,0,1,3.0,65.97,1,0,1,21.99,13,0.306,0,3,10,0.0,0.769,0.231,0,1,0,5.4,5931,79.6,1,0,1,1,5.628571428571429,4760.0,81.12857142857142,1,0.8640994951617318,0.28765
2025-08-17,6,132.11,53.28,0.0,0.0,25.84,29.46,23.53,0.0,1,1,0,1,17,2171.02,310.15,3.0,-0.232,0.0,1.0,2.0,1,0,3.0,53.28,1,1,1,17.76,17,0.372,0,7,10,0.0,0.588,0.412,0,0,1,6.0,5833,86.8,0,0,1,0,5.757142857142858,5130.571428571428,81.61428571428571,1,0.8986600533255319,0.3478
2025-08-18,9,253.97,104.92,78.28,0.0,0.0,0.0,70.77,0.0,0,0,0,0,18,2326.4,332.34,2.0,0.229,1.0,1.0,0.0,0,1,6.0,104.92,1,1,1,17.49,18,0.372,0,7,11,0.0,0.611,0.389,0,0,1,6.4,3633,75.5,0,1,1,1,5.8,5071.285714285715,81.64285714285714,1,0.8317974561869532,0.34435
2025-08-19,4,79.58,47.01,0.0,0.0,0.0,0.0,32.57,0.0,0,0,0,0,19,2107.53,301.08,2.0,0.134,1.0,0.0,1.0,1,1,3.0,47.01,1,1,1,15.67,15,0.371,0,7,8,0.0,0.533,0.467,0,0,1,6.4,3951,86.4,0,1,1,1,5.9,4760.714285714285,81.38571428571429,1,0.9353199875030335,0.35555000000000003
2025-08-20,9,275.45,67.01,0.0,0.0,0.0,0.0,208.44,0.0,0,0,1,0,20,1864.65,266.38,2.0,0.0,0.0,2.0,0.0,0,0,7.0,67.01,1,0,0,9.57,20,0.366,0,9,11,0.0,0.55,0.45,0,0,1,4.8,3422,83.0,1,1,1,1,5.771428571428572,4708.571428571428,81.11428571428571,1,1.186742561247534,0.35050000000000003
2025-08-21,10,316.98,96.0,0.0,24.25,0.0,0.0,196.73,0.0,0,0,1,0,21,1521.91,217.42,2.0,0.161,1.0,0.0,1.0,1,1,6.0,96.0,1,1,0,16.0,20,0.367,0,6,14,0.0,0.7,0.3,0,0,1,6.5,4776,77.8,0,0,1,0,5.942857142857142,4399.142857142857,81.2,1,0.3515639121834304,0.3285
2025-08-22,4,114.34,5.64,62.92,0.0,0.0,0.0,45.78,0.0,0,0,0,0,22,1456.1,208.01,1.0,-0.292,0.0,0.0,1.0,1,0,1.0,5.64,1,0,0,5.64,16,0.362,0,6,10,0.0,0.625,0.375,0,0,1,4.5,6226,81.1,1,0,1,1,5.714285714285714,4824.571428571428,81.45714285714287,0,1.403673298414359,0.33725
2025-08-23,10,276.16,162.74,0.0,37.87,0.0,0.0,75.55,0.0,0,0,0,1,23,1448.59,206.94,1.0,0.0,0.0,1.0,0.0,0,0,8.0,162.74,1,1,1,20.34,17,0.351,0,5,12,0.0,0.706,0.294,0,0,1,6.3,5270,79.4,0,0,1,0,5.842857142857143,4730.142857142857,81.42857142857143,1,0.5447804620673852,0.3196
2025-08-24,6,190.09,45.43,0.0,0.0,0.0,0.0,144.66,0.0,0,0,0,1,24,1506.57,215.22,2.0,-0.211,0.0,1.0,1.0,1,0,3.0,45.43,1,0,1,15.14,19,0.352,0,6,13,0.0,0.684,0.316,0,0,1,4.7,5723,81.6,1,0,1,1,5.657142857142857,4714.428571428572,80.6857142857143,1,1.6781386982486053,0.3234
2025-08-25,11,477.63,104.89,0.0,0.0,0.0,0.0,372.74,0.0,0,0,1,0,25,1730.23,247.18,1.0,-0.557,0.0,0.0,1.0,1,0,6.0,104.89,1,0,1,17.48,12,0.343,0,3,9,0.0,0.75,0.25,0,1,0,5.0,6247,80.5,1,0,1,1,5.457142857142857,5087.857142857143,81.4,1,1.6912564774024923,0.30900000000000005
2025-08-26,9,301.66,95.63,60.67,0.0,0.0,0.0,145.36,0.0,0,0,1,0,26,1952.31,278.9,1.0,-0.557,0.0,0.0,1.0,0,0,6.0,95.63,1,0,1,15.94,16,0.389,0,8,8,0.0,0.5,0.5,0,0,1,5.0,6469,80.0,1,0,1,1,5.257142857142857,5447.571428571428,80.48571428571428,1,1.4196433783213032,0.3695
2025-08-27,8,192.77,119.54,0.0,0.0,0.0,0.0,73.23,0.0,0,0,0,0,27,1869.63,267.09,2.0,-0.305,0.0,1.0,1.0,1,0,6.0,119.54,1,1,1,19.92,14,0.367,0,6,8,0.0,0.571,0.429,0,0,1,6.2,4885,76.7,0,0,1,0,5.457142857142857,5656.571428571428,79.58571428571429,1,0.7473042450436898,0.34785
2025-08-28,10,184.42,143.77,0.0,0.0,0.0,0.0,40.65,0.0,0,0,0,0,28,1737.07,248.15,1.0,0.758,1.0,0.0,0.0,0,1,7.0,143.77,1,1,1,20.54,10,0.32,0,2,8,0.0,0.8,0.2,0,1,0,4.5,5409,83.9,1,0,1,1,5.171428571428572,5747.0,80.45714285714287,1,0.7566034289443727,0.29000000000000004
2025-08-29,6,229.67,74.86,61.1,0.0,27.43,0.0,66.28,0.0,0,1,0,0,29,1852.4,264.63,3.0,0.0,0.0,3.0,0.0,0,0,3.0,74.86,1,0,1,24.95,15,0.359,0,6,9,0.0,0.6,0.4,0,0,1,5.6,5419,88.3,1,0,1,1,5.328571428571428,5631.714285714285,81.48571428571428,0,1.0262355808036798,0.3395
2025-08-30,8,199.65,116.87,69.35,0.0,0.0,0.0,13.43,0.0,0,0,0,1,30,1775.89,253.7,3.0,0.106,1.0,2.0,0.0,0,1,6.0,116.87,1,1,1,19.48,16,0.341,0,6,10,0.0,0.625,0.375,0,0,1,6.5,4873,85.8,0,0,1,0,5.357142857142857,5575.0,82.39999999999999,1,0.4089284671950028,0.32675
2025-08-31,10,214.07,114.41,0.0,0.0,0.0,23.36,76.3,0.0,1,0,0,1,31,1799.87,257.12,3.0,-0.037,1.0,1.0,1.0,1,1,6.0,114.41,1,1,0,19.07,10,0.339,0,1,9,0.0,0.9,0.1,0,1,0,5.7,6724,85.8,1,0,1,1,5.5,5718.0,83.0,1,1.2440436339018435,0.28450000000000003
2025-09-01,7,144.14,111.19,32.95,0.0,0.0,0.0,0.0,0.0,0,0,0,0,1,1466.38,209.48,1.0,0.0,0.0,1.0,0.0,0,0,6.0,111.19,0,1,1,18.53,15,0.617,8,7,0,0.533,0.0,0.467,1,0,0,7.6,8517,61.6,0,0,0,0,5.871428571428571,6042.285714285715,80.3,1,-0.9608857640468781,0.63845
2025-09-02,11,303.08,117.29,51.64,0.0,17.47,0.0,116.68,0.0,0,1,0,0,2,1467.8,209.69,1.0,0.0,0.0,1.0,0.0,0,0,6.0,117.29,0,1,1,19.55,14,0.66,11,3,0,0.786,0.0,0.214,1,0,0,8.0,9552,61.4,0,0,0,0,6.299999999999999,6482.714285714285,77.64285714285714,1,-1.1827419534907047,0.6979
2025-09-03,8,162.25,133.06,0.0,0.0,0.0,0.0,29.19,0.0,0,0,0,0,3,1437.28,205.33,2.0,0.051,1.0,1.0,0.0,0,1,7.0,133.06,0,0,1,19.01,19,0.651,14,5,0,0.737,0.0,0.263,1,0,0,7.3,8564,64.5,0,0,0,0,6.457142857142857,7008.285714285715,75.89999999999999,1,-1.108326615490418,0.68605
2025-09-04,10,292.4,120.78,0.0,0.0,44.2,0.0,127.42,0.0,0,1,0,0,4,1545.26,220.75,1.0,0.318,1.0,0.0,0.0,0,1,6.0,120.78,0,1,1,20.13,15,0.629,9,6,0,0.6,0.0,0.4,1,0,0,8.5,10246,69.9,0,0,0,0,7.028571428571429,7699.285714285715,73.89999999999999,1,-1.5115594610801606,0.6545
2025-09-05,4,105.15,36.91,0.0,0.0,0.0,0.0,68.24,0.0,0,0,0,0,5,1420.74,202.96,2.0,0.345,1.0,1.0,0.0,0,1,3.0,36.91,0,1,0,12.3,17,0.664,13,4,0,0.765,0.0,0.235,1,0,0,7.7,7453,63.8,0,0,0,0,7.328571428571428,7989.857142857143,70.39999999999999,0,-1.4346928058013617,0.69675
2025-09-06,11,324.77,173.71,0.0,0.0,0.0,0.0,151.06,0.0,0,0,1,1,6,1545.86,220.84,2.0,-0.026,0.0,1.0,1.0,1,0,9.0,173.71,0,0,1,19.3,17,0.633,9,8,0,0.529,0.0,0.471,1,0,0,7.8,7041,66.5,0,0,0,0,7.514285714285713,8299.57142857143,67.64285714285714,1,-0.793885434626195,0.64585
2025-09-07,8,361.86,94.92,128.77,0.0,0.0,0.0,138.17,0.0,0,0,1,1,7,1693.65,241.95,2.0,-0.051,0.0,1.0,1.0,1,0,4.0,94.92,0,1,0,23.73,16,0.694,13,3,0,0.812,0.0,0.188,1,0,0,6.3,8025,65.2,0,0,0,0,7.6,8485.42857142857,64.7,1,-0.7567190290115099,0.7188
2025-09-08,8,416.5,38.48,96.23,33.36,0.0,0.0,248.43,0.0,0,0,1,0,8,1966.01,280.86,1.0,0.758,1.0,0.0,0.0,0,1,3.0,38.48,0,0,0,12.83,20,0.636,14,6,0,0.7,0.0,0.3,1,0,0,6.5,10086,69.1,0,0,0,0,7.442857142857143,8709.57142857143,65.77142857142857,0,-1.7611801289549112,0.673
2025-09-09,7,486.7,67.25,0.0,0.0,0.0,0.0,419.45,0.0,0,0,1,0,9,2149.63,307.09,1.0,0.0,0.0,1.0,0.0,0,0,4.0,67.25,0,1,1,16.81,19,0.653,13,6,0,0.684,0.0,0.316,1,0,0,8.0,7844,60.4,0,0,0,0,7.442857142857143,8465.57142857143,65.62857142857143,1,-1.0568638662733723,0.6791
2025-09-10,3,130.74,41.18,0.0,0.0,0.0,0.0,89.56,0.0,0,0,0,0,10,2118.12,302.59,2.0,0.345,1.0,1.0,0.0,0,1,2.0,41.18,0,0,0,20.59,14,0.621,7,7,0,0.5,0.0,0.5,1,0,0,7.0,7852,67.1,0,0,0,0,7.399999999999999,8363.857142857143,66.0,0,-1.3460258864193535,0.6355
2025-09-11,4,108.23,57.67,0.0,0.0,0.0,0.0,50.56,0.0,0,0,0,0,11,1933.95,276.28,1.0,0.0,0.0,1.0,0.0,0,0,3.0,57.67,0,1,0,19.22,13,0.618,7,6,0,0.538,0.0,0.462,1,0,0,6.3,7873,68.8,0,0,0,0,7.0857142857142845,8024.857142857143,65.84285714285714,1,-0.8497259534069075,0.6397
2025-09-12,7,290.96,30.67,47.9,0.0,0.0,0.0,212.39,0.0,0,0,1,0,12,2119.76,302.82,1.0,0.0,0.0,1.0,0.0,0,0,4.0,30.67,0,1,0,7.67,18,0.64,12,6,0,0.667,0.0,0.333,1,0,0,7.7,8390,60.6,0,0,0,0,7.085714285714286,8158.714285714285,65.38571428571429,0,-1.1759630540699997,0.67005
2025-09-13,5,200.21,4.59,81.56,0.0,0.0,99.66,14.4,0.0,1,0,0,1,13,1995.2,285.03,1.0,0.625,1.0,0.0,0.0,0,1,1.0,4.59,0,0,0,4.59,15,0.692,13,2,0,0.867,0.0,0.133,1,0,0,6.0,9154,66.9,0,0,0,0,6.828571428571428,8460.57142857143,65.44285714285714,0,-1.427036187544026,0.72605
2025-09-14,8,817.29,95.9,0.0,0.0,574.57,0.0,146.82,0.0,0,1,1,1,14,2450.63,350.09,2.0,0.0,0.0,2.0,0.0,0,0,4.0,95.9,0,1,1,23.98,18,0.653,12,6,0,0.667,0.0,0.333,1,0,0,8.4,9892,67.8,0,0,0,0,7.128571428571428,8727.285714285714,65.81428571428572,1,-1.1939564412102293,0.67655
2025-09-15,6,135.98,83.35,0.0,0.0,0.0,52.63,0.0,0.0,1,0,0,0,15,2170.11,310.02,1.0,0.0,0.0,1.0,0.0,0,0,5.0,83.35,0,1,1,16.67,12,0.605,5,7,0,0.417,0.0,0.583,1,0,0,6.8,7151,63.2,0,0,0,0,7.171428571428571,8308.0,64.97142857142858,1,-0.5896227833818978,0.61505
2025-09-16,5,399.69,33.64,44.95,0.0,0.0,0.0,321.1,0.0,0,0,1,0,16,2083.1,297.59,1.0,-0.273,0.0,0.0,1.0,1,0,2.0,33.64,0,0,1,16.82,10,0.685,8,2,0,0.8,0.0,0.2,1,0,0,7.5,8287,64.7,0,0,0,0,7.1,8371.285714285714,65.58571428571427,0,-0.7944845287634018,0.7125000000000001
2025-09-17,7,209.32,45.46,0.0,17.21,0.0,0.0,146.65,0.0,0,0,1,0,17,2161.68,308.81,1.0,-0.273,0.0,0.0,1.0,0,0,4.0,45.46,0,1,0,11.36,14,0.636,8,6,0,0.571,0.0,0.429,1,0,0,7.0,8070,70.5,0,0,0,0,7.1,8402.42857142857,66.07142857142857,0,-0.8049285756254984,0.6536500000000001
2025-09-18,10,301.07,135.76,37.83,0.0,0.0,0.0,127.48,0.0,0,0,1,0,18,2354.52,336.36,1.0,0.758,1.0,0.0,0.0,0,1,8.0,135.76,0,1,1,16.97,11,0.604,6,5,0,0.545,0.0,0.455,1,0,0,8.2,7290,64.1,0,0,0,0,7.371428571428572,8319.142857142857,65.4,1,-1.5656170018223408,0.63375
2025-09-19,8,378.59,85.45,0.0,43.62,0.0,0.0,249.52,0.0,0,0,0,0,19,2442.15,348.88,2.0,0.148,1.0,1.0,0.0,0,1,3.0,85.45,0,1,1,28.48,20,0.633,12,8,0,0.6,0.0,0.4,1,0,0,8.1,10000,61.2,0,0,0,0,7.428571428571429,8549.142857142857,65.4857142857143,0,-1.2962598636880227,0.6565
2025-09-20,4,109.49,69.55,0.0,0.0,0.0,0.0,39.94,0.0,0,0,0,1,20,2351.43,335.92,2.0,0.148,1.0,1.0,0.0,0,0,3.0,69.55,0,1,1,23.18,15,0.683,13,2,0,0.867,0.0,0.133,1,0,0,6.5,9083,65.2,0,0,0,0,7.5,8539.0,65.24285714285715,1,-0.9763748518176852,0.72155
2025-09-21,7,494.06,32.22,0.0,18.69,0.0,0.0,443.15,0.0,0,0,1,1,21,2028.2,289.74,1.0,0.718,1.0,0.0,0.0,0,1,2.0,32.22,0,0,1,16.11,19,0.635,10,9,0,0.526,0.0,0.474,1,0,0,6.5,7373,63.9,0,0,0,0,7.228571428571429,8179.142857142857,64.68571428571428,1,-1.3179035416831066,0.6464000000000001
2025-09-22,7,221.87,61.22,0.0,0.0,0.0,0.0,160.65,0.0,0,0,1,0,22,2114.09,302.01,2.0,0.204,1.0,0.0,1.0,1,1,5.0,61.22,0,0,1,12.24,14,0.633,9,5,0,0.643,0.0,0.357,1,0,0,8.2,7536,60.3,0,0,0,0,7.428571428571429,8234.142857142857,64.27142857142857,0,-1.150235940583669,0.66295
2025-09-23,9,224.61,136.44,0.0,13.01,0.0,44.33,30.83,0.0,1,0,0,0,23,1939.01,277.0,2.0,0.102,1.0,0.0,1.0,1,1,6.0,136.44,0,1,0,22.74,17,0.676,13,4,0,0.765,0.0,0.235,1,0,0,6.9,9059,70.3,0,0,0,0,7.342857142857143,8344.42857142857,65.07142857142857,1,-0.9731789548364587,0.70275
2025-09-24,4,179.9,36.45,52.1,0.0,0.0,0.0,91.35,0.0,0,0,0,0,24,1909.59,272.8,1.0,0.0,0.0,1.0,0.0,0,0,2.0,36.45,0,0,1,18.23,17,0.604,9,8,0,0.529,0.0,0.471,1,0,0,8.5,7765,69.1,0,0,0,0,7.557142857142858,8300.857142857143,64.87142857142858,0,-1.139627175150963,0.6313500000000001
2025-09-25,12,248.43,106.11,0.0,0.0,0.0,0.0,142.32,0.0,0,0,1,0,25,1856.95,265.28,2.0,0.379,1.0,1.0,0.0,0,1,8.0,106.11,0,1,1,13.26,16,0.664,10,6,0,0.625,0.0,0.375,1,0,0,6.2,8976,61.9,0,0,0,0,7.271428571428571,8541.714285714286,64.55714285714285,1,-1.1324809417056143,0.6757500000000001
2025-09-26,6,166.31,145.13,0.0,0.0,21.18,0.0,0.0,0.0,0,1,0,0,26,1644.67,234.95,1.0,-0.103,0.0,0.0,1.0,1,0,5.0,145.13,0,1,1,29.03,12,0.618,6,6,0,0.5,0.0,0.5,1,0,0,8.0,8789,65.3,0,0,0,0,7.257142857142857,8368.714285714286,65.14285714285714,1,-0.8316984023318948,0.634
2025-09-27,11,256.57,121.05,18.34,21.21,0.0,79.67,16.3,0.0,1,0,0,1,27,1791.75,255.96,1.0,-0.051,0.0,0.0,1.0,1,0,6.0,121.05,0,0,1,20.18,11,0.689,8,3,0,0.727,0.0,0.273,1,0,0,6.7,10151,61.6,0,0,0,0,7.285714285714286,8521.285714285714,64.62857142857142,1,-0.7739630167129871,0.7035499999999999
2025-09-28,6,154.67,89.18,0.0,0.0,0.0,0.0,65.49,0.0,0,0,0,1,28,1452.36,207.48,2.0,0.0,0.0,2.0,0.0,0,0,5.0,89.18,0,1,1,17.84,18,0.663,13,5,0,0.722,0.0,0.278,1,0,0,6.7,10090,60.2,0,0,0,0,7.314285714285714,8909.42857142857,64.1,1,-0.9224064671813964,0.6898
2025-09-29,6,129.9,60.99,0.0,49.94,0.0,0.0,18.97,0.0,0,0,0,0,29,1360.39,194.34,2.0,0.345,1.0,1.0,0.0,0,1,4.0,60.99,0,1,0,15.25,11,0.629,6,5,0,0.545,0.0,0.455,1,0,0,6.6,7581,62.8,0,0,0,0,7.085714285714286,8915.857142857143,64.45714285714286,1,-1.1796737881845263,0.64625
2025-09-30,8,474.22,42.81,0.0,0.0,0.0,109.75,321.66,0.0,1,0,1,0,30,1610.0,230.0,2.0,0.345,1.0,1.0,0.0,0,1,3.0,42.81,0,1,0,14.27,17,0.652,13,4,0,0.765,0.0,0.235,1,0,0,8.3,9654,62.7,0,0,0,0,7.285714285714286,9000.857142857143,63.37142857142857,0,-1.5484763248118985,0.69075
2025-10-01,11,214.28,123.51,67.87,0.0,0.0,0.0,22.9,0.0,0,0,0,0,1,1644.38,234.91,2.0,0.46,2.0,0.0,0.0,0,1,9.0,123.51,1,1,1,13.72,11,0.381,0,4,7,0.0,0.636,0.364,0,0,1,5.5,6910,84.6,1,0,1,1,6.857142857142857,8878.714285714286,65.58571428571429,1,0.5690695945391372,0.3451
2025-10-02,6,437.97,35.93,0.0,49.98,0.0,0.0,352.06,0.0,0,0,1,0,2,1833.92,261.99,1.0,0.103,1.0,0.0,0.0,0,1,2.0,35.93,1,1,0,17.96,18,0.328,0,5,13,0.0,0.722,0.278,0,1,0,4.6,4718,85.2,1,0,1,1,6.628571428571428,8270.42857142857,68.91428571428571,0,1.281192101915607,0.30569999999999997
2025-10-03,4,207.77,13.22,0.0,16.32,0.0,94.07,84.16,0.0,1,0,0,0,3,1875.38,267.91,1.0,-0.361,0.0,0.0,1.0,1,0,1.0,13.22,1,0,0,13.22,15,0.375,0,8,7,0.0,0.467,0.533,0,0,1,6.1,3181,80.9,0,1,1,1,6.357142857142857,7469.285714285715,71.14285714285715,1,1.2568703199734952,0.36745
2025-10-04,11,495.21,106.8,0.0,26.89,0.0,95.54,265.98,0.0,1,0,1,1,4,2114.02,302.0,1.0,0.743,1.0,0.0,0.0,0,1,7.0,106.8,1,0,1,15.26,13,0.385,0,7,6,0.0,0.462,0.538,0,0,1,5.5,4035,78.4,1,0,1,1,6.185714285714285,6595.571428571428,73.54285714285716,0,0.5873858414663852,0.37320000000000003
2025-10-05,8,329.27,103.69,31.7,21.51,0.0,0.0,9.83,162.54,0,0,1,1,5,2288.62,326.95,1.0,-0.422,0.0,0.0,1.0,1,0,4.0,103.69,1,1,1,25.92,17,0.335,0,5,12,0.0,0.706,0.294,0,1,0,5.9,6066,89.4,1,0,1,1,6.071428571428571,6020.714285714285,77.71428571428571,1,1.7034039233516687,0.3116
2025-10-06,10,339.63,133.82,40.52,0.0,0.0,43.05,122.24,0.0,1,0,0,0,6,2498.35,356.91,1.0,-0.422,0.0,0.0,1.0,1,0,6.0,133.82,1,0,1,22.3,16,0.39,0,10,6,0.0,0.375,0.625,0,0,1,6.5,5001,86.8,0,0,1,0,6.057142857142857,5652.142857142857,81.14285714285714,0,0.6972415788024028,0.38875000000000004
2025-10-07,5,246.88,40.32,59.81,0.0,34.45,0.0,0.0,112.3,0,1,1,0,7,2271.01,324.43,1.0,0.459,1.0,0.0,0.0,0,1,2.0,40.32,1,1,1,20.16,15,0.315,0,2,13,0.0,0.867,0.133,0,1,0,5.4,4487,81.5,1,0,1,1,5.642857142857143,4914.0,83.82857142857144,1,1.0566340903658606,0.27745
2025-10-08,10,491.39,76.74,0.0,52.61,0.0,59.2,302.84,0.0,1,0,1,0,8,2548.12,364.02,2.0,0.0,0.0,2.0,0.0,0,0,5.0,76.74,1,1,1,15.35,17,0.365,0,6,11,0.0,0.647,0.353,0,0,1,4.6,5638,87.9,1,0,1,1,5.514285714285713,4732.285714285715,84.3,0,1.447794118896437,0.33545
2025-10-09,5,138.33,62.2,52.27,0.0,0.0,0.0,23.86,0.0,0,0,0,0,9,2248.48,321.21,1.0,-0.051,0.0,0.0,1.0,1,0,3.0,62.2,1,0,1,20.73,20,0.364,0,7,13,0.0,0.65,0.35,0,0,1,4.8,5994,81.8,1,0,1,1,5.542857142857144,4914.571428571428,83.81428571428572,1,1.422896076241231,0.3345
2025-10-10,9,345.67,52.06,0.0,0.0,50.96,0.0,242.65,0.0,0,1,1,0,10,2386.38,340.91,1.0,0.0,0.0,1.0,0.0,0,0,4.0,52.06,1,0,1,13.02,18,0.306,0,2,16,0.0,0.889,0.111,0,1,0,5.4,6476,78.4,1,0,1,1,5.442857142857143,5385.285714285715,83.45714285714287,1,1.3073291161871297,0.26965
2025-10-11,7,186.45,81.21,0.0,0.0,21.35,0.0,83.89,0.0,0,1,0,1,11,2077.62,296.8,1.0,0.0,0.0,1.0,0.0,0,0,4.0,81.21,1,1,0,20.3,15,0.35,0,5,10,0.0,0.667,0.333,0,0,1,5.6,5178,79.0,1,0,1,1,5.457142857142857,5548.571428571428,83.54285714285716,1,1.089837073902576,0.32495
2025-10-12,11,465.62,82.75,44.77,0.0,0.0,0.0,338.1,0.0,0,0,1,1,12,2213.97,316.28,1.0,-0.681,0.0,0.0,1.0,1,0,6.0,82.75,1,0,1,13.79,13,0.336,0,4,9,0.0,0.692,0.308,0,0,1,4.8,3298,86.2,1,1,1,1,5.3,5153.142857142857,83.08571428571429,0,2.1025331941759258,0.31420000000000003
2025-10-13,7,286.83,59.75,76.66,59.64,0.0,90.78,0.0,0.0,1,0,0,0,13,2161.17,308.74,1.0,-0.681,0.0,0.0,1.0,0,0,3.0,59.75,1,1,1,19.92,13,0.367,0,6,7,0.0,0.538,0.462,0,0,1,6.1,3276,76.3,0,1,1,1,5.242857142857143,4906.714285714285,81.58571428571429,0,1.6359894735002483,0.3528
2025-10-14,9,196.32,165.02,0.0,31.3,0.0,0.0,0.0,0.0,0,0,0,0,14,2110.61,301.52,1.0,0.0,0.0,1.0,0.0,0,0,8.0,165.02,1,1,1,20.63,18,0.369,0,7,11,0.0,0.611,0.389,0,0,1,5.2,4005,81.5,1,0,1,1,5.214285714285714,4837.857142857143,81.58571428571429,1,1.3250802824435102,0.34285
2025-10-15,6,290.14,49.18,25.27,0.0,31.39,0.0,184.3,0.0,0,1,1,0,15,1909.36,272.77,1.0,0.296,1.0,0.0,0.0,0,1,3.0,49.18,1,0,1,16.39,14,0.361,0,5,9,0.0,0.643,0.357,0,0,1,4.9,3587,84.7,1,1,1,1,5.257142857142857,4544.857142857143,81.12857142857142,0,1.0325741835120668,0.33405
2025-10-16,11,432.78,93.4,0.0,0.0,0.0,98.3,241.08,0.0,1,0,1,0,16,2203.81,314.83,1.0,-0.422,0.0,0.0,1.0,1,0,6.0,93.4,1,0,0,15.57,17,0.332,0,5,12,0.0,0.706,0.294,0,1,0,5.2,4406,88.0,1,0,1,1,5.314285714285715,4318.0,82.01428571428572,0,1.7357658321151321,0.31010000000000004
2025-10-17,8,103.84,83.07,0.0,0.0,20.77,0.0,0.0,0.0,0,1,0,0,17,1961.98,280.28,1.0,0.0,0.0,1.0,0.0,0,0,7.0,83.07,1,1,1,11.87,19,0.348,0,7,12,0.0,0.632,0.368,0,0,1,5.7,3860,83.1,1,1,1,1,5.357142857142857,3944.285714285714,82.68571428571428,1,1.3159786998845135,0.3292
2025-10-18,4,204.06,22.6,69.75,55.03,0.0,0.0,56.68,0.0,0,0,0,1,18,1979.59,282.8,1.0,0.0,0.0,1.0,0.0,0,0,1.0,22.6,1,0,0,22.6,12,0.349,0,4,8,0.0,0.667,0.333,0,0,1,6.5,3252,85.3,0,1,1,1,5.485714285714286,3669.142857142857,83.58571428571429,0,0.7890091495225369,0.32445
2025-10-19,9,373.96,52.84,106.17,0.0,0.0,0.0,214.95,0.0,0,0,1,1,19,1887.93,269.7,1.0,0.0,0.0,1.0,0.0,0,0,4.0,52.84,1,0,1,13.21,20,0.366,0,7,13,0.0,0.65,0.35,0,0,1,4.6,5974,88.7,1,0,1,1,5.457142857142856,4051.428571428572,83.94285714285714,1,1.3462796554802579,0.3355
2025-10-20,2,135.99,0.0,49.5,0.0,0.0,0.0,86.49,0.0,0,0,0,0,20,1737.09,248.16,2.0,-0.211,0.0,1.0,1.0,1,0,4.0,52.84,1,0,0,13.21,12,0.288,0,2,10,0.0,0.833,0.167,0,1,0,6.2,5257,88.7,0,0,1,0,5.471428571428572,4334.428571428572,85.71428571428571,0,0.6061704040439507,0.26905
2025-10-21,8,627.52,55.21,0.0,11.59,0.0,0.0,223.55,337.17,0,0,1,0,21,2168.29,309.76,1.0,0.0,0.0,1.0,0.0,0,0,3.0,55.21,1,0,1,18.4,15,0.342,0,6,9,0.0,0.6,0.4,0,0,1,5.5,5642,83.7,1,0,1,1,5.514285714285714,4568.285714285715,86.02857142857144,1,1.061922225998024,0.331
2025-10-22,2,63.55,34.8,28.75,0.0,0.0,0.0,0.0,0.0,0,0,0,0,22,1941.7,277.39,1.0,0.0,0.0,1.0,0.0,0,0,1.0,34.8,1,0,0,34.8,15,0.355,0,5,10,0.0,0.667,0.333,0,0,1,4.8,5121,82.2,1,0,1,1,5.5,4787.428571428572,85.67142857142856,0,1.065359443705928,0.32745
2025-10-23,4,98.52,27.78,0.0,0.0,0.0,0.0,70.74,0.0,0,0,0,0,23,1607.44,229.63,1.0,0.459,1.0,0.0,0.0,0,1,3.0,27.78,1,0,0,9.26,17,0.369,0,5,12,0.0,0.706,0.294,0,0,1,4.5,4039,82.1,1,0,1,1,5.4,4735.0,84.82857142857142,0,0.8592152851153588,0.3286
2025-10-24,7,332.14,74.58,0.0,0.0,13.28,88.92,155.36,0.0,1,1,1,0,24,1835.74,262.25,1.0,-0.422,0.0,0.0,1.0,1,0,4.0,74.58,1,1,1,18.64,17,0.372,0,4,13,0.0,0.765,0.235,0,0,1,4.7,4719,83.4,1,0,1,1,5.257142857142858,4857.714285714285,84.87142857142858,1,2.012440534011957,0.32125000000000004
2025-10-25,12,365.36,120.71,121.13,0.0,37.81,65.45,20.26,0.0,1,1,0,1,25,1997.04,285.29,1.0,-0.422,0.0,0.0,1.0,0,0,7.0,120.71,1,1,1,17.24,10,0.376,0,4,6,0.0,0.6,0.4,0,0,1,5.8,4689,80.3,1,0,1,1,5.1571428571428575,5063.0,84.15714285714286,1,1.5273632977077933,0.348
2025-10-26,6,167.18,50.53,85.89,30.76,0.0,0.0,0.0,0.0,0,0,0,1,26,1790.26,255.75,1.0,0.743,1.0,0.0,0.0,0,1,3.0,50.53,1,1,0,16.84,19,0.333,0,6,13,0.0,0.684,0.316,0,0,1,4.5,3086,81.5,1,1,1,1,5.142857142857143,4650.428571428572,83.12857142857142,0,0.9569308933921132,0.3139
2025-10-27,11,208.37,130.58,38.11,13.74,18.24,0.0,7.7,0.0,0,1,0,0,27,1862.64,266.09,1.0,0.743,1.0,0.0,0.0,0,0,6.0,130.58,1,0,1,21.76,15,0.325,0,3,12,0.0,0.8,0.2,0,1,0,5.7,5091,84.1,1,0,1,1,5.071428571428571,4626.714285714285,82.47142857142856,1,0.5952714246129104,0.2925
2025-10-28,6,116.32,64.52,0.0,0.0,0.0,0.0,51.8,0.0,0,0,0,0,28,1351.44,193.06,1.0,0.743,1.0,0.0,0.0,0,0,4.0,64.52,1,0,1,16.13,20,0.362,0,9,11,0.0,0.55,0.45,0,0,1,6.3,3978,79.4,0,1,1,1,5.185714285714285,4389.0,81.85714285714286,1,0.34468640840998876,0.34850000000000003
2025-10-29,10,272.42,121.43,0.0,0.0,0.0,0.0,150.99,0.0,0,0,1,0,29,1560.31,222.9,1.0,-0.612,0.0,0.0,1.0,1,0,7.0,121.43,1,0,1,17.35,13,0.365,0,6,7,0.0,0.538,0.462,0,0,1,6.4,4780,78.4,0,0,1,0,5.414285714285714,4340.285714285715,81.31428571428572,0,0.8437633943584824,0.3518
2025-10-30,8,449.32,68.72,0.0,0.0,0.0,70.56,310.04,0.0,1,0,1,0,30,1911.11,273.02,1.0,0.296,1.0,0.0,0.0,0,1,3.0,68.72,1,1,0,22.91,16,0.367,0,9,7,0.0,0.438,0.562,0,0,1,5.0,4824,78.9,1,0,1,1,5.485714285714286,4452.428571428572,80.85714285714286,1,0.9068968183464894,0.3678
2025-10-31,7,215.73,61.8,71.38,0.0,38.71,0.0,43.84,0.0,0,1,0,0,31,1794.7,256.39,1.0,0.0,0.0,1.0,0.0,0,0,3.0,61.8,1,0,1,20.6,18,0.332,0,4,14,0.0,0.778,0.222,0,1,0,5.1,6171,83.1,1,0,1,1,5.542857142857143,4659.857142857143,80.81428571428572,1,1.270257905626021,0.2993
2025-11-01,7,241.45,88.49,0.0,32.61,0.0,0.0,120.35,0.0,0,0,1,1,1,1670.79,238.68,2.0,-0.391,0.0,0.0,2.0,1,0,5.0,88.49,1,0,0,17.7,17,0.358,0,6,11,0.0,0.647,0.353,0,0,1,6.3,4207,76.2,0,0,1,0,5.614285714285714,4591.0,80.22857142857143,1,0.7666176687021833,0.33194999999999997
2025-11-02,10,490.5,100.67,0.0,0.0,0.0,0.0,389.83,0.0,0,0,1,1,2,1994.11,284.87,3.0,0.018,1.0,1.0,1.0,1,1,5.0,100.67,1,0,1,20.13,10,0.32,0,1,9,0.0,0.9,0.1,0,1,0,4.7,5261,85.5,1,0,1,1,5.642857142857143,4901.714285714285,80.8,1,1.465449094483937,0.275
2025-11-03,8,427.89,104.54,0.0,0.0,0.0,0.0,22.33,301.02,0,0,1,0,3,2213.63,316.23,2.0,0.229,1.0,1.0,0.0,0,1,6.0,104.54,1,1,1,17.42,18,0.345,0,6,12,0.0,0.667,0.333,0,0,1,6.4,6685,85.4,0,0,1,0,5.742857142857142,5129.428571428572,80.98571428571428,1,0.1937027156820784,0.32245
2025-11-04,4,112.06,66.39,0.0,0.0,0.0,0.0,45.67,0.0,0,0,0,0,4,2209.37,315.62,1.0,0.318,1.0,0.0,0.0,0,1,3.0,66.39,1,0,1,22.13,16,0.35,0,7,9,0.0,0.562,0.438,0,0,1,5.4,5543,81.8,1,0,1,1,5.614285714285715,5353.0,81.32857142857144,1,0.8179481212506673,0.3407
2025-11-05,6,114.0,90.12,0.0,0.0,0.0,23.88,0.0,0.0,1,0,0,0,5,2050.95,292.99,2.0,-0.486,0.0,0.0,2.0,1,0,5.0,90.12,1,1,0,18.02,15,0.354,0,5,10,0.0,0.667,0.333,0,0,1,6.0,3733,76.9,0,1,1,1,5.557142857142858,5203.428571428572,81.11428571428571,1,1.5619063250046314,0.32695
2025-11-06,7,258.76,80.79,0.0,0.0,0.0,75.65,102.32,0.0,1,0,0,0,6,1860.39,265.77,1.0,-0.273,0.0,0.0,1.0,1,0,4.0,80.79,1,0,1,20.2,16,0.359,0,7,9,0.0,0.562,0.438,0,0,1,5.5,6099,76.5,1,0,1,1,5.628571428571429,5385.571428571428,80.77142857142859,1,1.4705001040314012,0.3452
2025-11-07,11,387.32,103.48,53.33,0.0,0.0,0.0,230.51,0.0,0,0,0,0,7,2031.98,290.28,1.0,0.459,1.0,0.0,0.0,0,1,7.0,103.48,1,1,1,14.78,13,0.382,0,6,7,0.0,0.538,0.462,0,0,1,6.0,4286,76.9,0,0,1,0,5.757142857142858,5116.285714285715,79.88571428571429,0,0.016789702751290648,0.3603
2025-11-08,7,518.32,19.84,0.0,29.33,0.0,89.45,59.54,320.16,1,0,1,1,8,2308.85,329.84,1.0,0.459,1.0,0.0,0.0,0,0,2.0,19.84,1,0,0,9.92,14,0.346,0,4,10,0.0,0.714,0.286,0,0,1,5.2,6652,85.6,1,0,1,1,5.6,5465.571428571428,81.22857142857143,0,0.7296838357978321,0.31589999999999996
2025-11-09,3,76.87,35.58,0.0,0.0,0.0,0.0,41.29,0.0,0,0,0,1,9,1895.22,270.75,1.0,0.459,1.0,0.0,0.0,0,0,2.0,35.58,1,0,1,17.79,19,0.361,0,8,11,0.0,0.579,0.421,0,0,1,6.1,3684,75.7,0,1,1,1,5.8,5240.285714285715,79.82857142857144,0,0.6969527130976874,0.34365
2025-11-10,9,319.3,139.52,61.82,0.0,0.0,0.0,117.96,0.0,0,0,0,0,10,1786.63,255.23,3.0,0.234,1.0,1.0,1.0,1,1,6.0,139.52,1,1,1,23.25,18,0.356,0,8,10,0.0,0.556,0.444,0,0,1,5.9,3927,78.8,1,1,1,1,5.728571428571429,4846.285714285715,78.88571428571429,1,1.1517941585113616,0.3446
2025-11-11,9,550.23,95.24,0.0,0.0,0.0,74.16,380.83,0.0,1,0,1,0,11,2224.8,317.83,2.0,-0.391,0.0,0.0,2.0,1,0,5.0,95.24,1,0,1,19.05,16,0.364,0,7,9,0.0,0.562,0.438,0,0,1,5.4,4488,85.4,1,0,1,1,5.728571428571428,4695.571428571428,79.4,1,1.6788114248708663,0.3477
2025-11-12,6,190.51,93.28,31.74,0.0,0.0,0.0,65.49,0.0,0,0,0,0,12,2301.31,328.76,2.0,-0.181,0.0,1.0,1.0,1,0,4.0,93.28,1,1,1,23.32,16,0.353,0,6,10,0.0,0.625,0.375,0,0,1,6.5,5838,79.8,0,0,1,0,5.799999999999999,4996.285714285715,79.81428571428572,1,0.6200715791656111,0.33275
2025-11-13,11,402.53,177.67,25.19,0.0,0.0,22.92,176.75,0.0,1,0,1,0,13,2445.08,349.3,1.0,-0.292,0.0,0.0,1.0,1,0,8.0,177.67,1,1,1,22.21,17,0.337,0,4,13,0.0,0.765,0.235,0,1,0,5.2,5079,85.6,1,0,1,1,5.757142857142857,4850.571428571428,81.11428571428571,1,1.8628788631076567,0.30375
2025-11-14,8,374.22,80.09,0.0,0.0,0.0,0.0,294.13,0.0,0,0,1,0,14,2431.98,347.43,1.0,0.0,0.0,1.0,0.0,0,0,5.0,80.09,1,0,0,16.02,10,0.381,0,5,5,0.0,0.5,0.5,0,0,1,5.8,3696,80.5,1,1,1,1,5.728571428571428,4766.285714285715,81.62857142857142,0,0.7782470771484213,0.3655
2025-11-15,10,576.96,87.36,42.22,0.0,44.61,0.0,115.17,287.6,0,1,1,1,15,2490.62,355.8,1.0,0.743,1.0,0.0,0.0,0,1,6.0,87.36,1,0,1,14.56,12,0.308,0,2,10,0.0,0.833,0.167,0,1,0,6.0,4813,87.2,0,0,1,0,5.842857142857143,4503.571428571428,81.85714285714286,0,-0.03394702338353646,0.27905
2025-11-16,7,433.35,37.43,0.0,0.0,0.0,0.0,395.92,0.0,0,0,1,1,16,2847.1,406.73,1.0,-0.422,0.0,0.0,1.0,1,0,2.0,37.43,1,0,0,18.72,19,0.326,0,3,16,0.0,0.842,0.158,0,1,0,4.8,4739,76.3,1,0,1,1,5.6571428571428575,4654.285714285715,81.94285714285715,0,1.8726731856197765,0.2867
2025-11-17,6,234.27,128.38,0.0,0.0,0.0,0.0,105.89,0.0,0,0,1,0,17,2762.07,394.58,2.0,-0.219,1.0,0.0,1.0,1,1,5.0,128.38,1,1,1,25.68,17,0.305,0,4,13,0.0,0.765,0.235,0,1,0,6.5,6312,77.3,0,0,1,0,5.742857142857143,4995.0,81.72857142857143,1,0.8024367685080196,0.28775
2025-11-18,10,180.14,98.04,0.0,14.38,0.0,38.33,29.39,0.0,1,0,0,0,18,2391.98,341.71,2.0,-0.306,0.0,1.0,1.0,1,0,6.0,98.04,1,1,1,16.34,11,0.403,0,6,5,0.0,0.455,0.545,0,0,1,6.0,3480,86.4,0,1,1,1,5.828571428571428,4851.0,81.87142857142858,0,1.350628393661019,0.38325000000000004
2025-11-19,9,170.18,119.78,34.44,0.0,0.0,0.0,15.96,0.0,0,0,0,0,19,2371.65,338.81,2.0,-0.063,1.0,0.0,1.0,1,1,7.0,119.78,1,1,1,17.11,20,0.356,0,9,11,0.0,0.55,0.45,0,0,1,6.0,3906,88.5,0,1,1,1,5.757142857142857,4575.0,83.11428571428571,1,1.28675590489024,0.34550000000000003
2025-11-20,6,224.01,85.37,0.0,0.0,0.0,33.6,105.04,0.0,1,0,1,0,20,2193.13,313.3,1.0,-0.051,0.0,0.0,1.0,1,0,4.0,85.37,1,0,1,21.34,19,0.338,0,7,12,0.0,0.632,0.368,0,0,1,5.8,6772,85.9,1,0,1,1,5.842857142857143,4816.857142857143,83.15714285714286,1,1.327625415082854,0.32420000000000004
2025-11-21,7,151.63,121.34,0.0,0.0,30.29,0.0,0.0,0.0,0,1,0,0,21,1970.54,281.51,3.0,-0.261,0.0,1.0,2.0,1,0,6.0,121.34,1,0,1,20.22,16,0.366,0,9,7,0.0,0.438,0.562,0,0,1,6.2,4319,86.6,0,0,1,0,5.9,4905.857142857143,84.02857142857144,1,0.6286214836024556,0.3673
2025-11-22,4,50.46,36.21,0.0,14.25,0.0,0.0,0.0,0.0,0,0,0,1,22,1444.04,206.29,2.0,-0.366,0.0,1.0,1.0,1,0,3.0,36.21,1,0,0,12.07,20,0.316,0,6,14,0.0,0.7,0.3,0,1,0,6.2,3122,88.3,0,1,1,1,5.928571428571429,4664.285714285715,84.18571428571428,0,1.5271520806372576,0.303
2025-11-23,9,313.34,108.03,0.0,0.0,0.0,32.77,172.54,0.0,1,0,1,1,23,1324.03,189.15,2.0,0.405,2.0,0.0,0.0,0,1,6.0,108.03,1,1,1,18.0,17,0.315,0,3,14,0.0,0.824,0.176,0,1,0,5.8,3417,88.4,1,1,1,1,6.071428571428571,4475.428571428572,85.91428571428573,1,1.3138149383130575,0.28390000000000004
2025-11-24,7,999.11,28.88,0.0,0.0,0.0,0.0,422.43,547.8,0,0,1,0,24,2088.87,298.41,2.0,0.0,0.0,2.0,0.0,0,0,3.0,28.88,1,0,0,9.63,20,0.373,0,8,12,0.0,0.6,0.4,0,0,1,5.8,4498,88.6,1,0,1,1,5.971428571428571,4216.285714285715,87.52857142857142,1,0.9543528442138658,0.34650000000000003
2025-11-25,10,298.0,145.6,72.36,0.0,0.0,0.0,80.04,0.0,0,0,0,0,25,2206.73,315.25,1.0,0.0,0.0,1.0,0.0,0,0,6.0,145.6,1,1,1,24.27,19,0.362,0,6,13,0.0,0.684,0.316,0,0,1,4.5,5964,84.2,1,0,1,1,5.757142857142857,4571.142857142857,87.21428571428571,1,1.3955376977838898,0.3284
2025-11-26,6,89.4,70.99,0.0,0.0,0.0,0.0,18.41,0.0,0,0,0,0,26,2125.95,303.71,1.0,-0.273,0.0,0.0,1.0,1,0,5.0,70.99,1,0,0,14.2,17,0.345,0,5,12,0.0,0.706,0.294,0,0,1,5.4,6353,86.7,1,0,1,1,5.671428571428572,4920.714285714285,86.95714285714287,1,1.3129446694815905,0.3166
2025-11-27,11,1031.45,160.36,36.33,0.0,0.0,0.0,296.59,538.17,0,0,1,0,27,2933.39,419.06,1.0,-0.292,0.0,0.0,1.0,1,0,7.0,160.36,1,0,1,22.91,16,0.36,0,7,9,0.0,0.562,0.438,0,0,1,6.1,5612,87.0,0,0,1,0,5.714285714285714,4755.0,87.11428571428573,0,0.6585073759597541,0.3457
2025-11-28,8,463.88,92.74,0.0,0.0,0.0,0.0,10.59,360.55,0,0,1,0,28,3245.64,463.66,2.0,-0.02,1.0,0.0,1.0,1,1,6.0,92.74,1,0,1,15.46,18,0.327,0,2,16,0.0,0.889,0.111,0,1,0,5.5,6861,83.2,1,0,1,1,5.614285714285714,5118.142857142857,86.62857142857142,1,1.3783746280417521,0.28015
2025-11-29,8,221.68,108.88,86.75,0.0,0.0,0.0,26.05,0.0,0,0,0,1,29,3416.86,488.12,2.0,-0.02,1.0,0.0,1.0,0,0,5.0,108.88,1,0,1,21.78,14,0.351,0,4,10,0.0,0.714,0.286,0,0,1,5.8,5011,82.1,1,0,1,1,5.557142857142857,5388.0,85.74285714285715,1,1.1483633605916308,0.3184
2025-11-30,9,286.24,69.26,0.0,36.34,0.0,0.0,180.64,0.0,0,0,1,1,30,3389.76,484.25,2.0,-0.02,1.0,0.0,1.0,0,0,5.0,69.26,1,1,0,13.85,19,0.345,0,7,12,0.0,0.632,0.368,0,0,1,6.0,5016,85.4,0,0,1,0,5.585714285714286,5616.428571428572,85.31428571428572,0,0.4809009021587473,0.3277
2025-12-01,5,315.32,44.96,70.35,0.0,0.0,0.0,200.01,0.0,0,0,1,0,1,2705.97,386.57,2.0,-0.02,1.0,0.0,1.0,0,0,3.0,44.96,0,1,0,14.99,14,0.361,0,6,8,0.0,0.571,0.429,0,0,1,7.7,7816,60.0,0,0,0,0,5.857142857142857,6090.428571428572,81.22857142857143,0,-0.3445750078552376,0.34485
2025-12-02,8,412.29,68.41,103.97,0.0,31.11,0.0,208.8,0.0,0,1,1,0,2,2820.26,402.89,2.0,-0.02,1.0,0.0,1.0,0,0,3.0,68.41,1,0,1,22.8,20,0.304,0,5,15,0.0,0.75,0.25,0,1,0,7.0,10179,71.1,0,0,0,0,6.214285714285714,6692.571428571428,79.35714285714286,0,0.016733938098208792,0.2895
2025-12-03,6,129.36,80.15,0.0,0.0,0.0,0.0,49.21,0.0,0,0,0,0,3,2860.22,408.6,2.0,0.312,1.0,1.0,0.0,0,1,5.0,80.15,0,1,1,16.03,15,0.367,0,8,7,0.0,0.467,0.533,0,0,1,7.7,8107,64.7,0,0,0,0,6.542857142857143,6943.142857142857,76.21428571428571,0,-0.5083414312683887,0.36345
2025-12-04,7,157.5,127.93,0.0,29.57,0.0,0.0,0.0,0.0,0,0,0,0,4,1986.27,283.75,2.0,-0.026,0.0,1.0,1.0,1,0,6.0,127.93,1,1,1,21.32,20,0.37,0,10,10,0.0,0.5,0.5,0,0,1,6.3,7807,67.4,0,0,0,0,6.571428571428571,7256.714285714285,73.41428571428571,0,0.2548396047505097,0.36
2025-12-05,10,300.51,119.86,0.0,0.0,0.0,0.0,180.65,0.0,0,0,0,0,5,1822.9,260.41,1.0,0.0,0.0,1.0,0.0,0,0,6.0,119.86,1,0,1,19.98,14,0.321,0,2,12,0.0,0.857,0.143,0,1,0,7.5,9977,63.6,0,0,0,0,6.857142857142857,7701.857142857143,70.61428571428571,1,-0.19926887983217698,0.28195000000000003
2025-12-06,4,165.76,69.73,0.0,0.0,0.0,96.03,0.0,0.0,1,0,0,1,6,1766.98,252.43,1.0,0.0,0.0,1.0,0.0,0,0,3.0,69.73,1,0,1,23.24,15,0.351,0,5,10,0.0,0.667,0.333,0,0,1,6.6,9202,65.5,0,0,0,0,6.971428571428571,8300.57142857143,68.24285714285715,1,0.07883817020412036,0.32545
2025-12-07,7,170.75,76.83,0.0,0.0,41.2,0.0,52.72,0.0,0,1,0,1,7,1651.49,235.93,1.0,0.459,1.0,0.0,0.0,0,1,5.0,76.83,0,0,1,15.37,15,0.343,0,4,11,0.0,0.733,0.267,0,1,0,7.7,8669,67.7,0,0,0,0,7.214285714285714,8822.42857142857,65.71428571428572,1,-0.5174542868661849,0.31155
2025-12-08,4,163.83,126.79,0.0,0.0,0.0,0.0,37.04,0.0,0,0,0,0,8,1500.0,214.29,1.0,0.296,1.0,0.0,0.0,0,1,3.0,126.79,1,1,1,42.26,20,0.314,0,5,15,0.0,0.75,0.25,0,1,0,6.2,9009,71.4,0,0,0,0,7.0,8992.857142857143,67.34285714285714,0,0.05846310857901909,0.2945
2025-12-09,7,126.76,82.8,25.15,0.0,0.0,0.0,18.81,0.0,0,0,0,0,9,1214.47,173.5,1.0,0.296,1.0,0.0,0.0,0,0,5.0,82.8,0,1,0,16.56,12,0.333,0,3,9,0.0,0.75,0.25,0,1,0,7.1,9486,69.2,0,0,0,0,7.014285714285714,8893.857142857143,67.07142857142857,0,-0.5147802535260069,0.30400000000000005
2025-12-10,8,157.74,63.74,59.56,0.0,0.0,0.0,34.44,0.0,0,0,0,0,10,1242.85,177.55,1.0,0.691,1.0,0.0,0.0,0,1,6.0,63.74,0,0,0,10.62,16,0.378,0,7,9,0.0,0.562,0.438,0,0,1,7.5,10187,63.0,0,0,0,0,6.985714285714286,9191.0,66.82857142857144,0,-1.1251405276842315,0.3547
2025-12-11,10,223.87,89.47,68.81,19.22,0.0,0.0,46.37,0.0,0,0,0,0,11,1309.22,187.03,1.0,0.0,0.0,1.0,0.0,0,0,5.0,89.47,1,0,1,17.89,16,0.346,0,6,10,0.0,0.625,0.375,0,0,1,6.4,9229,67.6,0,0,0,0,7.0,9394.142857142857,66.85714285714286,1,-0.062327098222518286,0.32925
2025-12-12,5,240.3,7.1,38.62,0.0,0.0,0.0,194.58,0.0,0,0,1,0,12,1249.01,178.43,1.0,0.0,0.0,1.0,0.0,0,0,2.0,7.1,1,0,0,3.55,19,0.366,0,8,11,0.0,0.579,0.421,0,0,1,6.2,8388,63.8,0,0,0,0,6.814285714285715,9167.142857142857,66.88571428571429,0,-0.14052726892674144,0.34614999999999996
2025-12-13,13,380.37,153.14,17.55,0.0,0.0,0.0,209.68,0.0,0,0,1,1,13,1463.62,209.09,1.0,0.625,1.0,0.0,0.0,0,1,8.0,153.14,0,0,1,19.14,16,0.325,0,2,14,0.0,0.875,0.125,0,1,0,8.4,8255,62.5,0,0,0,0,7.071428571428571,9031.857142857143,66.45714285714287,1,-0.6213713478065745,0.28125
2025-12-14,7,263.75,115.91,0.0,0.0,0.0,0.0,147.84,0.0,0,0,0,1,14,1556.62,222.37,1.0,0.625,1.0,0.0,0.0,0,0,5.0,115.91,0,1,1,23.18,13,0.378,0,6,7,0.0,0.538,0.462,0,0,1,6.2,8127,62.2,0,0,0,0,6.857142857142857,8954.42857142857,65.67142857142856,1,-0.44253943116826877,0.3583
2025-12-15,8,293.66,102.05,0.0,51.73,0.0,0.0,139.88,0.0,0,0,1,0,15,1686.45,240.92,1.0,0.176,1.0,0.0,0.0,0,1,6.0,102.05,0,1,0,17.01,17,0.331,0,3,14,0.0,0.824,0.176,0,1,0,7.2,9420,64.9,0,0,0,0,7.0,9013.142857142857,64.74285714285715,1,-0.2763871302521784,0.29190000000000005
2025-12-16,5,113.34,35.17,0.0,0.0,0.0,78.17,0.0,0.0,1,0,0,0,16,1673.03,239.0,1.0,0.318,1.0,0.0,0.0,0,1,4.0,35.17,0,0,1,8.79,14,0.378,0,7,7,0.0,0.5,0.5,0,0,1,7.3,7065,65.8,0,0,0,0,7.028571428571429,8667.285714285714,64.25714285714285,0,-0.3709759832389601,0.364
2025-12-17,6,302.64,64.91,157.88,0.0,0.0,0.0,79.85,0.0,0,0,0,0,17,1817.93,259.7,1.0,0.625,1.0,0.0,0.0,0,1,2.0,64.91,0,1,1,32.46,11,0.346,0,4,7,0.0,0.636,0.364,0,0,1,6.4,10488,64.1,0,0,0,0,6.871428571428572,8710.285714285714,64.41428571428571,1,-0.6418330260967814,0.3276
2025-12-18,4,246.3,63.46,0.0,0.0,0.0,0.0,182.84,0.0,0,0,1,0,18,1840.36,262.91,2.0,0.426,1.0,1.0,0.0,0,1,3.0,63.46,0,0,0,21.15,16,0.334,0,5,11,0.0,0.688,0.312,0,0,1,7.3,7770,64.4,0,0,0,0,7.0,8501.857142857143,63.957142857142856,1,-0.5741600277873165,0.31379999999999997
2025-12-19,9,259.35,133.02,56.74,0.0,0.0,0.0,69.59,0.0,0,0,0,0,19,1859.41,265.63,1.0,-0.273,0.0,0.0,1.0,1,0,6.0,133.02,1,1,1,22.17,12,0.33,0,3,9,0.0,0.75,0.25,0,1,0,7.8,7572,62.1,0,0,0,0,7.228571428571429,8385.285714285714,63.71428571428572,0,0.24486742850162288,0.3025
2025-12-20,13,712.22,81.12,63.64,0.0,0.0,27.82,539.64,0.0,1,0,1,1,20,2191.26,313.04,1.0,-0.273,0.0,0.0,1.0,0,0,6.0,81.12,1,1,0,13.52,16,0.361,0,7,9,0.0,0.562,0.438,0,0,1,6.4,10905,65.3,0,0,0,0,6.942857142857143,8763.857142857143,64.11428571428571,0,0.10076165722985737,0.3462
2025-12-21,9,187.9,144.9,0.0,0.0,43.0,0.0,0.0,0.0,0,1,0,1,21,2115.41,302.2,1.0,-0.273,0.0,0.0,1.0,0,0,8.0,144.9,1,0,1,18.11,11,0.339,0,3,8,0.0,0.727,0.273,0,1,0,6.6,8079,71.0,0,0,0,0,7.0,8757.0,65.37142857142858,1,0.21653810772896212,0.31045
2025-12-22,11,437.63,126.14,22.17,19.58,0.0,84.46,185.28,0.0,1,0,1,0,22,2259.38,322.77,1.0,-0.051,0.0,0.0,1.0,1,0,6.0,126.14,1,1,1,21.02,19,0.35,0,8,11,0.0,0.579,0.421,0,0,1,7.0,10354,68.1,0,0,0,0,6.971428571428572,8890.42857142857,65.82857142857144,1,0.16611364835524786,0.33814999999999995
2025-12-23,5,90.15,34.81,0.0,0.0,0.0,0.0,55.34,0.0,0,0,0,0,23,2236.19,319.46,1.0,-0.051,0.0,0.0,1.0,0,0,3.0,34.81,1,0,1,11.6,19,0.313,0,2,17,0.0,0.895,0.105,0,1,0,8.4,9436,61.5,0,0,0,0,7.128571428571428,9229.142857142857,65.21428571428571,0,-0.11595128415859852,0.27225
2025-12-24,15,735.5,216.52,0.0,12.47,0.0,0.0,506.51,0.0,0,0,1,0,24,2669.05,381.29,1.0,-0.273,0.0,0.0,1.0,1,0,9.0,216.52,1,1,1,24.06,14,0.326,0,4,10,0.0,0.714,0.286,0,1,0,6.1,10276,62.1,0,0,0,0,7.085714285714286,9198.857142857143,64.92857142857143,1,0.4086572947400335,0.3059
2025-12-25,3,51.44,36.11,0.0,0.0,0.0,0.0,15.33,0.0,0,0,0,0,25,2474.19,353.46,2.0,0.379,1.0,1.0,0.0,0,1,2.0,36.11,0,0,0,18.06,16,0.338,0,3,13,0.0,0.812,0.188,0,1,0,8.3,10071,72.0,0,0,0,0,7.228571428571429,9527.57142857143,66.01428571428572,1,-0.8135732541133937,0.2972
2025-12-26,7,201.03,104.53,0.0,0.0,0.0,0.0,0.0,96.5,0,0,0,0,26,2415.87,345.12,1.0,-0.273,0.0,0.0,1.0,1,0,6.0,104.53,1,1,1,17.42,15,0.35,0,7,8,0.0,0.533,0.467,0,0,1,6.5,8557,69.1,0,0,0,0,7.042857142857143,9668.285714285714,67.0142857142857,1,0.3434810681207904,0.34504999999999997
2025-12-27,11,500.55,99.84,125.4,0.0,0.0,0.0,275.31,0.0,0,0,1,1,27,2204.2,314.89,1.0,0.625,1.0,0.0,0.0,0,1,6.0,99.84,0,1,1,16.64,10,0.324,0,3,7,0.0,0.7,0.3,0,1,0,7.4,9037,65.9,0,0,0,0,7.185714285714285,9401.42857142857,67.1,1,-0.6135977216090845,0.307
2025-12-28,6,816.01,113.84,0.0,0.0,0.0,0.0,702.17,0.0,0,0,1,1,28,2832.31,404.62,1.0,0.318,1.0,0.0,0.0,0,1,4.0,113.84,0,1,1,28.46,19,0.366,0,8,11,0.0,0.579,0.421,0,0,1,8.0,7084,62.8,0,0,0,0,7.385714285714286,9259.285714285714,65.92857142857142,0,-0.3060951143833548,0.34614999999999996
2025-12-29,7,212.95,129.62,0.0,0.0,0.0,49.27,34.06,0.0,1,0,0,0,29,2607.63,372.52,1.0,-0.051,0.0,0.0,1.0,1,0,5.0,129.62,1,1,1,25.92,19,0.324,0,5,14,0.0,0.737,0.263,0,1,0,7.6,7219,68.9,0,0,0,0,7.471428571428571,8811.42857142857,66.04285714285714,0,0.40667208924238285,0.30145
2025-12-30,10,323.37,161.17,0.0,0.0,50.63,0.0,111.57,0.0,0,1,0,0,30,2840.85,405.84,1.0,0.572,1.0,0.0,0.0,0,1,7.0,161.17,0,0,1,23.02,14,0.346,0,5,9,0.0,0.643,0.357,0,0,1,6.7,9734,70.5,0,0,0,0,7.228571428571429,8854.0,67.32857142857144,0,-0.6348953226449944,0.32655
2025-12-31,9,204.0,27.09,77.13,0.0,0.0,0.0,99.78,0.0,0,0,0,0,31,2309.35,329.91,2.0,0.724,2.0,0.0,0.0,0,1,4.0,27.09,0,0,1,6.77,14,0.343,0,6,8,0.0,0.571,0.429,0,0,1,7.9,10682,70.7,0,0,0,0,7.485714285714286,8912.0,68.55714285714285,1,-1.057460343169189,0.33585
